label,filename
0.0,TEST1
0.0,TEST1
0.0,TEST1
0.0,TEST1
0.0,TEST1
0.0,TEST1
0.0,TEST1
0.0,TEST1
0.0,TEST1
0.0,TEST1
0.0,TEST1
0.0,TEST1
0.0,TEST1
0.0,TEST1
0.0,TEST1
0.0,TEST1
0.0,TEST1
0.0,TEST1
0.0,TEST1
0.0,TEST1
0.0,TEST1
0.0,TEST1
0.0,TEST1
0.0,TEST1
0.0,TEST1
0.0,TEST1
0.0,TEST1
0.0,TEST1
0.0,TEST1
0.0,TEST1
0.0,TEST1
0.0,TEST1
0.0,TEST1
0.0,TEST1
0.0,TEST1
1.0,TEST10
1.0,TEST10
1.0,TEST10
1.0,TEST10
1.0,TEST10
1.0,TEST10
1.0,TEST10
1.0,TEST10
1.0,TEST10
1.0,TEST10
1.0,TEST10
1.0,TEST10
1.0,TEST10
1.0,TEST10
1.0,TEST10
1.0,TEST10
1.0,TEST10
1.0,TEST10
1.0,TEST10
1.0,TEST10
1.0,TEST10
1.0,TEST10
1.0,TEST10
1.0,TEST10
1.0,TEST10
1.0,TEST10
1.0,TEST10
1.0,TEST10
1.0,TEST10
1.0,TEST10
1.0,TEST10
1.0,TEST10
2.0,TEST10
2.0,TEST10
2.0,TEST10
0.0,TEST100
0.0,TEST100
0.0,TEST100
0.0,TEST100
0.0,TEST100
0.0,TEST100
0.0,TEST100
0.0,TEST100
0.0,TEST100
0.0,TEST100
0.0,TEST100
0.0,TEST100
0.0,TEST100
0.0,TEST100
0.0,TEST100
0.0,TEST100
0.0,TEST100
0.0,TEST100
0.0,TEST100
0.0,TEST100
0.0,TEST100
0.0,TEST100
0.0,TEST100
0.0,TEST100
0.0,TEST100
0.0,TEST100
0.0,TEST100
0.0,TEST100
0.0,TEST100
0.0,TEST100
0.0,TEST100
0.0,TEST100
0.0,TEST100
0.0,TEST100
0.0,TEST100
0.0,TEST101
0.0,TEST101
0.0,TEST101
0.0,TEST101
0.0,TEST101
0.0,TEST101
0.0,TEST101
0.0,TEST101
0.0,TEST101
0.0,TEST101
0.0,TEST101
0.0,TEST101
0.0,TEST101
0.0,TEST101
0.0,TEST101
0.0,TEST101
0.0,TEST101
0.0,TEST101
0.0,TEST101
0.0,TEST101
0.0,TEST101
0.0,TEST101
0.0,TEST101
0.0,TEST101
0.0,TEST101
0.0,TEST101
0.0,TEST101
0.0,TEST101
0.0,TEST101
0.0,TEST101
0.0,TEST101
0.0,TEST101
0.0,TEST101
0.0,TEST101
0.0,TEST101
0.0,TEST102
0.0,TEST102
0.0,TEST102
0.0,TEST102
0.0,TEST102
0.0,TEST102
0.0,TEST102
0.0,TEST102
0.0,TEST102
0.0,TEST102
0.0,TEST102
0.0,TEST102
0.0,TEST102
0.0,TEST102
0.0,TEST102
0.0,TEST102
0.0,TEST102
0.0,TEST102
0.0,TEST102
0.0,TEST102
0.0,TEST102
0.0,TEST102
0.0,TEST102
0.0,TEST102
0.0,TEST102
0.0,TEST102
0.0,TEST102
0.0,TEST102
0.0,TEST102
0.0,TEST102
0.0,TEST102
0.0,TEST102
0.0,TEST102
0.0,TEST102
0.0,TEST102
0.0,TEST103
0.0,TEST103
0.0,TEST103
0.0,TEST103
0.0,TEST103
0.0,TEST103
0.0,TEST103
0.0,TEST103
0.0,TEST103
0.0,TEST103
0.0,TEST103
0.0,TEST103
0.0,TEST103
0.0,TEST103
0.0,TEST103
0.0,TEST103
0.0,TEST103
0.0,TEST103
0.0,TEST103
0.0,TEST103
0.0,TEST103
0.0,TEST103
0.0,TEST103
0.0,TEST103
0.0,TEST103
0.0,TEST103
0.0,TEST103
0.0,TEST103
0.0,TEST103
0.0,TEST103
0.0,TEST103
0.0,TEST103
0.0,TEST103
0.0,TEST103
0.0,TEST103
1.0,TEST104
2.0,TEST104
2.0,TEST104
2.0,TEST104
2.0,TEST104
3.0,TEST104
3.0,TEST104
3.0,TEST104
3.0,TEST104
3.0,TEST104
3.0,TEST104
3.0,TEST104
3.0,TEST104
3.0,TEST104
3.0,TEST104
3.0,TEST104
3.0,TEST104
3.0,TEST104
3.0,TEST104
3.0,TEST104
3.0,TEST104
3.0,TEST104
3.0,TEST104
3.0,TEST104
3.0,TEST104
3.0,TEST104
3.0,TEST104
3.0,TEST104
3.0,TEST104
3.0,TEST104
3.0,TEST104
3.0,TEST104
3.0,TEST104
3.0,TEST104
3.0,TEST104
3.0,TEST105
3.0,TEST105
3.0,TEST105
3.0,TEST105
3.0,TEST105
3.0,TEST105
3.0,TEST105
3.0,TEST105
3.0,TEST105
3.0,TEST105
3.0,TEST105
3.0,TEST105
3.0,TEST105
3.0,TEST105
3.0,TEST105
3.0,TEST105
3.0,TEST105
3.0,TEST105
3.0,TEST105
3.0,TEST105
3.0,TEST105
3.0,TEST105
3.0,TEST105
3.0,TEST105
3.0,TEST105
3.0,TEST105
3.0,TEST105
3.0,TEST105
3.0,TEST105
3.0,TEST105
3.0,TEST105
3.0,TEST105
3.0,TEST105
3.0,TEST105
3.0,TEST105
3.0,TEST105
3.0,TEST105
3.0,TEST105
3.0,TEST105
3.0,TEST105
3.0,TEST105
3.0,TEST105
3.0,TEST105
1.0,TEST106
1.0,TEST106
1.0,TEST106
1.0,TEST106
1.0,TEST106
1.0,TEST106
1.0,TEST106
1.0,TEST106
1.0,TEST106
1.0,TEST106
1.0,TEST106
1.0,TEST106
1.0,TEST106
1.0,TEST106
1.0,TEST106
1.0,TEST106
1.0,TEST106
1.0,TEST106
1.0,TEST106
1.0,TEST106
1.0,TEST106
1.0,TEST106
1.0,TEST106
1.0,TEST106
1.0,TEST106
1.0,TEST106
1.0,TEST106
1.0,TEST106
1.0,TEST106
1.0,TEST106
1.0,TEST106
1.0,TEST106
1.0,TEST106
1.0,TEST106
1.0,TEST106
1.0,TEST106
2.0,TEST106
2.0,TEST106
2.0,TEST106
2.0,TEST106
2.0,TEST106
3.0,TEST106
0.0,TEST107
0.0,TEST107
0.0,TEST107
0.0,TEST107
0.0,TEST107
0.0,TEST107
0.0,TEST107
0.0,TEST107
0.0,TEST107
0.0,TEST107
0.0,TEST107
0.0,TEST107
0.0,TEST107
0.0,TEST107
0.0,TEST107
0.0,TEST107
0.0,TEST107
0.0,TEST107
0.0,TEST107
0.0,TEST107
0.0,TEST107
0.0,TEST107
0.0,TEST107
0.0,TEST107
0.0,TEST107
0.0,TEST107
0.0,TEST107
0.0,TEST107
0.0,TEST107
0.0,TEST107
0.0,TEST107
0.0,TEST107
0.0,TEST107
0.0,TEST107
0.0,TEST107
1.0,TEST108
1.0,TEST108
1.0,TEST108
1.0,TEST108
1.0,TEST108
1.0,TEST108
1.0,TEST108
1.0,TEST108
1.0,TEST108
2.0,TEST108
2.0,TEST108
2.0,TEST108
2.0,TEST108
2.0,TEST108
2.0,TEST108
2.0,TEST108
2.0,TEST108
2.0,TEST108
2.0,TEST108
2.0,TEST108
2.0,TEST108
2.0,TEST108
2.0,TEST108
2.0,TEST108
2.0,TEST108
2.0,TEST108
3.0,TEST108
3.0,TEST108
3.0,TEST108
3.0,TEST108
3.0,TEST108
3.0,TEST108
3.0,TEST108
3.0,TEST108
3.0,TEST108
0.0,TEST109
0.0,TEST109
0.0,TEST109
0.0,TEST109
0.0,TEST109
0.0,TEST109
0.0,TEST109
0.0,TEST109
0.0,TEST109
0.0,TEST109
0.0,TEST109
0.0,TEST109
0.0,TEST109
0.0,TEST109
0.0,TEST109
0.0,TEST109
0.0,TEST109
0.0,TEST109
0.0,TEST109
0.0,TEST109
0.0,TEST109
0.0,TEST109
0.0,TEST109
0.0,TEST109
0.0,TEST109
0.0,TEST109
0.0,TEST109
0.0,TEST109
0.0,TEST109
0.0,TEST109
0.0,TEST109
0.0,TEST109
0.0,TEST109
0.0,TEST109
0.0,TEST109
0.0,TEST11
0.0,TEST11
0.0,TEST11
0.0,TEST11
0.0,TEST11
0.0,TEST11
0.0,TEST11
0.0,TEST11
0.0,TEST11
0.0,TEST11
0.0,TEST11
0.0,TEST11
0.0,TEST11
0.0,TEST11
0.0,TEST11
0.0,TEST11
0.0,TEST11
0.0,TEST11
0.0,TEST11
0.0,TEST11
0.0,TEST11
0.0,TEST11
0.0,TEST11
0.0,TEST11
0.0,TEST11
0.0,TEST11
0.0,TEST11
0.0,TEST11
0.0,TEST11
0.0,TEST11
0.0,TEST11
0.0,TEST11
0.0,TEST11
0.0,TEST11
0.0,TEST11
0.0,TEST110
0.0,TEST110
0.0,TEST110
0.0,TEST110
0.0,TEST110
0.0,TEST110
0.0,TEST110
0.0,TEST110
0.0,TEST110
0.0,TEST110
0.0,TEST110
0.0,TEST110
0.0,TEST110
0.0,TEST110
0.0,TEST110
0.0,TEST110
0.0,TEST110
0.0,TEST110
0.0,TEST110
0.0,TEST110
0.0,TEST110
0.0,TEST110
0.0,TEST110
0.0,TEST110
0.0,TEST110
0.0,TEST110
0.0,TEST110
0.0,TEST110
0.0,TEST110
0.0,TEST110
0.0,TEST110
0.0,TEST110
0.0,TEST110
0.0,TEST110
0.0,TEST110
0.0,TEST111
0.0,TEST111
0.0,TEST111
0.0,TEST111
0.0,TEST111
0.0,TEST111
0.0,TEST111
0.0,TEST111
0.0,TEST111
0.0,TEST111
0.0,TEST111
0.0,TEST111
0.0,TEST111
0.0,TEST111
0.0,TEST111
0.0,TEST111
0.0,TEST111
0.0,TEST111
0.0,TEST111
0.0,TEST111
0.0,TEST111
0.0,TEST111
0.0,TEST111
0.0,TEST111
0.0,TEST111
0.0,TEST111
0.0,TEST111
0.0,TEST111
0.0,TEST111
0.0,TEST111
0.0,TEST111
0.0,TEST111
0.0,TEST111
0.0,TEST111
0.0,TEST111
0.0,TEST112
0.0,TEST112
0.0,TEST112
0.0,TEST112
0.0,TEST112
0.0,TEST112
0.0,TEST112
0.0,TEST112
0.0,TEST112
0.0,TEST112
0.0,TEST112
0.0,TEST112
0.0,TEST112
0.0,TEST112
0.0,TEST112
0.0,TEST112
0.0,TEST112
0.0,TEST112
0.0,TEST112
0.0,TEST112
0.0,TEST112
0.0,TEST112
0.0,TEST112
0.0,TEST112
0.0,TEST112
0.0,TEST112
0.0,TEST112
0.0,TEST112
0.0,TEST112
0.0,TEST112
0.0,TEST112
0.0,TEST112
0.0,TEST112
0.0,TEST112
0.0,TEST112
0.0,TEST113
0.0,TEST113
0.0,TEST113
0.0,TEST113
0.0,TEST113
0.0,TEST113
0.0,TEST113
0.0,TEST113
0.0,TEST113
0.0,TEST113
0.0,TEST113
0.0,TEST113
0.0,TEST113
0.0,TEST113
0.0,TEST113
0.0,TEST113
0.0,TEST113
0.0,TEST113
0.0,TEST113
0.0,TEST113
0.0,TEST113
0.0,TEST113
0.0,TEST113
0.0,TEST113
0.0,TEST113
0.0,TEST113
0.0,TEST113
0.0,TEST113
0.0,TEST113
0.0,TEST113
0.0,TEST113
0.0,TEST113
0.0,TEST113
0.0,TEST113
0.0,TEST113
0.0,TEST114
0.0,TEST114
0.0,TEST114
0.0,TEST114
0.0,TEST114
0.0,TEST114
0.0,TEST114
0.0,TEST114
0.0,TEST114
0.0,TEST114
0.0,TEST114
0.0,TEST114
0.0,TEST114
0.0,TEST114
0.0,TEST114
0.0,TEST114
0.0,TEST114
0.0,TEST114
0.0,TEST114
0.0,TEST114
0.0,TEST114
0.0,TEST114
0.0,TEST114
0.0,TEST114
0.0,TEST114
0.0,TEST114
0.0,TEST114
0.0,TEST114
0.0,TEST114
0.0,TEST114
0.0,TEST114
0.0,TEST114
0.0,TEST114
0.0,TEST114
0.0,TEST114
1.0,TEST115
1.0,TEST115
1.0,TEST115
1.0,TEST115
1.0,TEST115
1.0,TEST115
1.0,TEST115
1.0,TEST115
2.0,TEST115
2.0,TEST115
2.0,TEST115
2.0,TEST115
2.0,TEST115
2.0,TEST115
2.0,TEST115
2.0,TEST115
2.0,TEST115
2.0,TEST115
2.0,TEST115
2.0,TEST115
2.0,TEST115
2.0,TEST115
2.0,TEST115
2.0,TEST115
2.0,TEST115
2.0,TEST115
2.0,TEST115
2.0,TEST115
2.0,TEST115
2.0,TEST115
2.0,TEST115
2.0,TEST115
3.0,TEST115
3.0,TEST115
3.0,TEST115
3.0,TEST115
3.0,TEST115
3.0,TEST115
3.0,TEST115
3.0,TEST115
3.0,TEST115
3.0,TEST115
2.0,TEST116
2.0,TEST116
2.0,TEST116
2.0,TEST116
2.0,TEST116
2.0,TEST116
2.0,TEST116
2.0,TEST116
2.0,TEST116
2.0,TEST116
2.0,TEST116
2.0,TEST116
2.0,TEST116
2.0,TEST116
2.0,TEST116
2.0,TEST116
2.0,TEST116
2.0,TEST116
2.0,TEST116
2.0,TEST116
2.0,TEST116
2.0,TEST116
2.0,TEST116
2.0,TEST116
2.0,TEST116
2.0,TEST116
2.0,TEST116
2.0,TEST116
2.0,TEST116
2.0,TEST116
2.0,TEST116
2.0,TEST116
3.0,TEST116
3.0,TEST116
3.0,TEST116
2.0,TEST117
2.0,TEST117
2.0,TEST117
2.0,TEST117
2.0,TEST117
2.0,TEST117
2.0,TEST117
2.0,TEST117
2.0,TEST117
2.0,TEST117
2.0,TEST117
2.0,TEST117
2.0,TEST117
2.0,TEST117
2.0,TEST117
2.0,TEST117
2.0,TEST117
2.0,TEST117
2.0,TEST117
2.0,TEST117
2.0,TEST117
2.0,TEST117
2.0,TEST117
2.0,TEST117
2.0,TEST117
2.0,TEST117
2.0,TEST117
2.0,TEST117
2.0,TEST117
2.0,TEST117
2.0,TEST117
2.0,TEST117
2.0,TEST117
3.0,TEST117
3.0,TEST117
0.0,TEST118
0.0,TEST118
0.0,TEST118
0.0,TEST118
0.0,TEST118
0.0,TEST118
0.0,TEST118
0.0,TEST118
0.0,TEST118
0.0,TEST118
0.0,TEST118
0.0,TEST118
0.0,TEST118
0.0,TEST118
0.0,TEST118
0.0,TEST118
0.0,TEST118
0.0,TEST118
0.0,TEST118
0.0,TEST118
0.0,TEST118
0.0,TEST118
0.0,TEST118
0.0,TEST118
0.0,TEST118
0.0,TEST118
0.0,TEST118
0.0,TEST118
0.0,TEST118
0.0,TEST118
0.0,TEST118
0.0,TEST118
0.0,TEST118
0.0,TEST118
0.0,TEST118
1.0,TEST119
1.0,TEST119
1.0,TEST119
1.0,TEST119
1.0,TEST119
1.0,TEST119
1.0,TEST119
1.0,TEST119
1.0,TEST119
1.0,TEST119
1.0,TEST119
1.0,TEST119
1.0,TEST119
1.0,TEST119
1.0,TEST119
1.0,TEST119
1.0,TEST119
1.0,TEST119
1.0,TEST119
1.0,TEST119
1.0,TEST119
1.0,TEST119
1.0,TEST119
1.0,TEST119
2.0,TEST119
2.0,TEST119
2.0,TEST119
2.0,TEST119
2.0,TEST119
3.0,TEST119
3.0,TEST119
3.0,TEST119
3.0,TEST119
3.0,TEST119
3.0,TEST119
0.0,TEST12
0.0,TEST12
0.0,TEST12
0.0,TEST12
0.0,TEST12
0.0,TEST12
0.0,TEST12
0.0,TEST12
0.0,TEST12
0.0,TEST12
0.0,TEST12
0.0,TEST12
0.0,TEST12
0.0,TEST12
0.0,TEST12
0.0,TEST12
0.0,TEST12
0.0,TEST12
0.0,TEST12
0.0,TEST12
0.0,TEST12
0.0,TEST12
0.0,TEST12
0.0,TEST12
0.0,TEST12
0.0,TEST12
0.0,TEST12
0.0,TEST12
0.0,TEST12
0.0,TEST12
0.0,TEST12
0.0,TEST12
0.0,TEST12
0.0,TEST12
0.0,TEST12
2.0,TEST120
2.0,TEST120
2.0,TEST120
2.0,TEST120
2.0,TEST120
2.0,TEST120
2.0,TEST120
2.0,TEST120
2.0,TEST120
2.0,TEST120
2.0,TEST120
2.0,TEST120
2.0,TEST120
2.0,TEST120
2.0,TEST120
2.0,TEST120
2.0,TEST120
2.0,TEST120
2.0,TEST120
2.0,TEST120
2.0,TEST120
2.0,TEST120
2.0,TEST120
2.0,TEST120
2.0,TEST120
2.0,TEST120
2.0,TEST120
2.0,TEST120
2.0,TEST120
2.0,TEST120
2.0,TEST120
2.0,TEST120
2.0,TEST120
2.0,TEST120
2.0,TEST120
2.0,TEST120
2.0,TEST120
2.0,TEST120
2.0,TEST120
0.0,TEST121
0.0,TEST121
0.0,TEST121
0.0,TEST121
0.0,TEST121
0.0,TEST121
0.0,TEST121
0.0,TEST121
0.0,TEST121
0.0,TEST121
0.0,TEST121
0.0,TEST121
0.0,TEST121
0.0,TEST121
0.0,TEST121
0.0,TEST121
0.0,TEST121
0.0,TEST121
0.0,TEST121
0.0,TEST121
0.0,TEST121
0.0,TEST121
0.0,TEST121
0.0,TEST121
0.0,TEST121
0.0,TEST121
0.0,TEST121
0.0,TEST121
0.0,TEST121
0.0,TEST121
0.0,TEST121
0.0,TEST121
0.0,TEST121
0.0,TEST121
0.0,TEST121
1.0,TEST122
1.0,TEST122
1.0,TEST122
1.0,TEST122
1.0,TEST122
1.0,TEST122
1.0,TEST122
1.0,TEST122
1.0,TEST122
1.0,TEST122
1.0,TEST122
1.0,TEST122
1.0,TEST122
1.0,TEST122
1.0,TEST122
1.0,TEST122
1.0,TEST122
1.0,TEST122
1.0,TEST122
1.0,TEST122
1.0,TEST122
1.0,TEST122
1.0,TEST122
1.0,TEST122
1.0,TEST122
1.0,TEST122
1.0,TEST122
1.0,TEST122
1.0,TEST122
1.0,TEST122
1.0,TEST122
2.0,TEST122
2.0,TEST122
2.0,TEST122
3.0,TEST122
0.0,TEST123
0.0,TEST123
0.0,TEST123
0.0,TEST123
0.0,TEST123
0.0,TEST123
0.0,TEST123
0.0,TEST123
0.0,TEST123
0.0,TEST123
0.0,TEST123
0.0,TEST123
0.0,TEST123
0.0,TEST123
0.0,TEST123
0.0,TEST123
0.0,TEST123
0.0,TEST123
0.0,TEST123
0.0,TEST123
0.0,TEST123
0.0,TEST123
0.0,TEST123
0.0,TEST123
0.0,TEST123
0.0,TEST123
0.0,TEST123
0.0,TEST123
0.0,TEST123
0.0,TEST123
0.0,TEST123
0.0,TEST123
0.0,TEST123
0.0,TEST123
0.0,TEST123
1.0,TEST124
1.0,TEST124
1.0,TEST124
1.0,TEST124
2.0,TEST124
2.0,TEST124
2.0,TEST124
2.0,TEST124
2.0,TEST124
2.0,TEST124
2.0,TEST124
2.0,TEST124
2.0,TEST124
2.0,TEST124
2.0,TEST124
2.0,TEST124
2.0,TEST124
2.0,TEST124
2.0,TEST124
2.0,TEST124
2.0,TEST124
2.0,TEST124
2.0,TEST124
2.0,TEST124
2.0,TEST124
2.0,TEST124
2.0,TEST124
2.0,TEST124
2.0,TEST124
2.0,TEST124
2.0,TEST124
2.0,TEST124
3.0,TEST124
3.0,TEST124
3.0,TEST124
3.0,TEST124
3.0,TEST124
3.0,TEST124
3.0,TEST124
3.0,TEST124
3.0,TEST124
0.0,TEST125
0.0,TEST125
0.0,TEST125
0.0,TEST125
0.0,TEST125
0.0,TEST125
0.0,TEST125
0.0,TEST125
0.0,TEST125
0.0,TEST125
0.0,TEST125
0.0,TEST125
0.0,TEST125
0.0,TEST125
0.0,TEST125
0.0,TEST125
0.0,TEST125
0.0,TEST125
0.0,TEST125
0.0,TEST125
0.0,TEST125
0.0,TEST125
0.0,TEST125
0.0,TEST125
0.0,TEST125
0.0,TEST125
0.0,TEST125
0.0,TEST125
0.0,TEST125
0.0,TEST125
0.0,TEST125
0.0,TEST125
0.0,TEST125
0.0,TEST125
0.0,TEST125
0.0,TEST126
0.0,TEST126
0.0,TEST126
0.0,TEST126
0.0,TEST126
0.0,TEST126
0.0,TEST126
0.0,TEST126
0.0,TEST126
0.0,TEST126
0.0,TEST126
0.0,TEST126
0.0,TEST126
0.0,TEST126
0.0,TEST126
0.0,TEST126
0.0,TEST126
0.0,TEST126
0.0,TEST126
0.0,TEST126
0.0,TEST126
0.0,TEST126
0.0,TEST126
0.0,TEST126
0.0,TEST126
0.0,TEST126
0.0,TEST126
0.0,TEST126
0.0,TEST126
0.0,TEST126
0.0,TEST126
0.0,TEST126
0.0,TEST126
0.0,TEST126
0.0,TEST126
0.0,TEST127
0.0,TEST127
0.0,TEST127
0.0,TEST127
0.0,TEST127
0.0,TEST127
0.0,TEST127
0.0,TEST127
0.0,TEST127
0.0,TEST127
0.0,TEST127
0.0,TEST127
0.0,TEST127
0.0,TEST127
0.0,TEST127
0.0,TEST127
0.0,TEST127
0.0,TEST127
0.0,TEST127
0.0,TEST127
0.0,TEST127
0.0,TEST127
0.0,TEST127
0.0,TEST127
0.0,TEST127
0.0,TEST127
0.0,TEST127
0.0,TEST127
0.0,TEST127
0.0,TEST127
0.0,TEST127
0.0,TEST127
0.0,TEST127
0.0,TEST127
0.0,TEST127
1.0,TEST128
1.0,TEST128
1.0,TEST128
1.0,TEST128
1.0,TEST128
1.0,TEST128
1.0,TEST128
1.0,TEST128
1.0,TEST128
1.0,TEST128
1.0,TEST128
1.0,TEST128
1.0,TEST128
1.0,TEST128
1.0,TEST128
1.0,TEST128
1.0,TEST128
1.0,TEST128
1.0,TEST128
1.0,TEST128
1.0,TEST128
1.0,TEST128
1.0,TEST128
1.0,TEST128
1.0,TEST128
1.0,TEST128
1.0,TEST128
1.0,TEST128
1.0,TEST128
1.0,TEST128
1.0,TEST128
1.0,TEST128
1.0,TEST128
1.0,TEST128
2.0,TEST128
2.0,TEST128
2.0,TEST128
3.0,TEST128
3.0,TEST128
3.0,TEST128
3.0,TEST128
0.0,TEST129
0.0,TEST129
0.0,TEST129
0.0,TEST129
0.0,TEST129
0.0,TEST129
0.0,TEST129
0.0,TEST129
0.0,TEST129
0.0,TEST129
0.0,TEST129
0.0,TEST129
0.0,TEST129
0.0,TEST129
0.0,TEST129
0.0,TEST129
0.0,TEST129
0.0,TEST129
0.0,TEST129
0.0,TEST129
0.0,TEST129
0.0,TEST129
0.0,TEST129
0.0,TEST129
0.0,TEST129
0.0,TEST129
0.0,TEST129
0.0,TEST129
0.0,TEST129
0.0,TEST129
0.0,TEST129
0.0,TEST129
0.0,TEST129
0.0,TEST129
0.0,TEST129
0.0,TEST13
0.0,TEST13
0.0,TEST13
0.0,TEST13
0.0,TEST13
0.0,TEST13
0.0,TEST13
0.0,TEST13
0.0,TEST13
0.0,TEST13
0.0,TEST13
0.0,TEST13
0.0,TEST13
0.0,TEST13
0.0,TEST13
0.0,TEST13
0.0,TEST13
0.0,TEST13
0.0,TEST13
0.0,TEST13
0.0,TEST13
0.0,TEST13
0.0,TEST13
0.0,TEST13
0.0,TEST13
0.0,TEST13
0.0,TEST13
0.0,TEST13
0.0,TEST13
0.0,TEST13
0.0,TEST13
0.0,TEST13
0.0,TEST13
0.0,TEST13
0.0,TEST13
1.0,TEST130
1.0,TEST130
1.0,TEST130
1.0,TEST130
1.0,TEST130
1.0,TEST130
1.0,TEST130
1.0,TEST130
1.0,TEST130
2.0,TEST130
2.0,TEST130
2.0,TEST130
2.0,TEST130
2.0,TEST130
2.0,TEST130
2.0,TEST130
2.0,TEST130
2.0,TEST130
2.0,TEST130
2.0,TEST130
2.0,TEST130
2.0,TEST130
2.0,TEST130
2.0,TEST130
2.0,TEST130
3.0,TEST130
3.0,TEST130
3.0,TEST130
3.0,TEST130
3.0,TEST130
3.0,TEST130
3.0,TEST130
3.0,TEST130
3.0,TEST130
3.0,TEST130
0.0,TEST131
0.0,TEST131
0.0,TEST131
0.0,TEST131
0.0,TEST131
0.0,TEST131
0.0,TEST131
0.0,TEST131
0.0,TEST131
0.0,TEST131
0.0,TEST131
0.0,TEST131
0.0,TEST131
0.0,TEST131
0.0,TEST131
0.0,TEST131
0.0,TEST131
0.0,TEST131
0.0,TEST131
0.0,TEST131
0.0,TEST131
0.0,TEST131
0.0,TEST131
0.0,TEST131
0.0,TEST131
0.0,TEST131
0.0,TEST131
0.0,TEST131
0.0,TEST131
0.0,TEST131
0.0,TEST131
0.0,TEST131
0.0,TEST131
0.0,TEST131
0.0,TEST131
0.0,TEST132
0.0,TEST132
0.0,TEST132
0.0,TEST132
0.0,TEST132
0.0,TEST132
0.0,TEST132
0.0,TEST132
0.0,TEST132
0.0,TEST132
0.0,TEST132
0.0,TEST132
0.0,TEST132
0.0,TEST132
0.0,TEST132
0.0,TEST132
0.0,TEST132
0.0,TEST132
0.0,TEST132
0.0,TEST132
0.0,TEST132
0.0,TEST132
0.0,TEST132
0.0,TEST132
0.0,TEST132
0.0,TEST132
0.0,TEST132
0.0,TEST132
0.0,TEST132
0.0,TEST132
0.0,TEST132
0.0,TEST132
0.0,TEST132
0.0,TEST132
0.0,TEST132
1.0,TEST133
1.0,TEST133
2.0,TEST133
2.0,TEST133
2.0,TEST133
2.0,TEST133
2.0,TEST133
2.0,TEST133
2.0,TEST133
2.0,TEST133
2.0,TEST133
2.0,TEST133
2.0,TEST133
2.0,TEST133
2.0,TEST133
2.0,TEST133
2.0,TEST133
2.0,TEST133
2.0,TEST133
2.0,TEST133
2.0,TEST133
3.0,TEST133
3.0,TEST133
3.0,TEST133
3.0,TEST133
3.0,TEST133
3.0,TEST133
3.0,TEST133
3.0,TEST133
3.0,TEST133
3.0,TEST133
3.0,TEST133
3.0,TEST133
3.0,TEST133
3.0,TEST133
0.0,TEST134
0.0,TEST134
0.0,TEST134
0.0,TEST134
0.0,TEST134
0.0,TEST134
0.0,TEST134
0.0,TEST134
0.0,TEST134
0.0,TEST134
0.0,TEST134
0.0,TEST134
0.0,TEST134
0.0,TEST134
0.0,TEST134
0.0,TEST134
0.0,TEST134
0.0,TEST134
0.0,TEST134
0.0,TEST134
0.0,TEST134
0.0,TEST134
0.0,TEST134
0.0,TEST134
0.0,TEST134
0.0,TEST134
0.0,TEST134
0.0,TEST134
0.0,TEST134
0.0,TEST134
0.0,TEST134
0.0,TEST134
0.0,TEST134
0.0,TEST134
0.0,TEST134
0.0,TEST135
0.0,TEST135
0.0,TEST135
0.0,TEST135
0.0,TEST135
0.0,TEST135
0.0,TEST135
0.0,TEST135
0.0,TEST135
0.0,TEST135
0.0,TEST135
0.0,TEST135
0.0,TEST135
0.0,TEST135
0.0,TEST135
0.0,TEST135
0.0,TEST135
0.0,TEST135
0.0,TEST135
0.0,TEST135
0.0,TEST135
0.0,TEST135
0.0,TEST135
0.0,TEST135
0.0,TEST135
0.0,TEST135
0.0,TEST135
0.0,TEST135
0.0,TEST135
0.0,TEST135
0.0,TEST135
0.0,TEST135
0.0,TEST135
0.0,TEST135
0.0,TEST135
0.0,TEST136
0.0,TEST136
0.0,TEST136
0.0,TEST136
0.0,TEST136
0.0,TEST136
0.0,TEST136
0.0,TEST136
0.0,TEST136
0.0,TEST136
0.0,TEST136
0.0,TEST136
0.0,TEST136
0.0,TEST136
0.0,TEST136
0.0,TEST136
0.0,TEST136
0.0,TEST136
0.0,TEST136
0.0,TEST136
0.0,TEST136
0.0,TEST136
0.0,TEST136
0.0,TEST136
0.0,TEST136
0.0,TEST136
0.0,TEST136
0.0,TEST136
0.0,TEST136
0.0,TEST136
0.0,TEST136
0.0,TEST136
0.0,TEST136
0.0,TEST136
0.0,TEST136
0.0,TEST137
0.0,TEST137
0.0,TEST137
0.0,TEST137
0.0,TEST137
0.0,TEST137
0.0,TEST137
0.0,TEST137
0.0,TEST137
0.0,TEST137
0.0,TEST137
0.0,TEST137
0.0,TEST137
0.0,TEST137
0.0,TEST137
0.0,TEST137
0.0,TEST137
0.0,TEST137
0.0,TEST137
0.0,TEST137
0.0,TEST137
0.0,TEST137
0.0,TEST137
0.0,TEST137
0.0,TEST137
0.0,TEST137
0.0,TEST137
0.0,TEST137
0.0,TEST137
0.0,TEST137
0.0,TEST137
0.0,TEST137
0.0,TEST137
0.0,TEST137
0.0,TEST137
0.0,TEST138
0.0,TEST138
0.0,TEST138
0.0,TEST138
0.0,TEST138
0.0,TEST138
0.0,TEST138
0.0,TEST138
0.0,TEST138
0.0,TEST138
0.0,TEST138
0.0,TEST138
0.0,TEST138
0.0,TEST138
0.0,TEST138
0.0,TEST138
0.0,TEST138
0.0,TEST138
0.0,TEST138
0.0,TEST138
0.0,TEST138
0.0,TEST138
0.0,TEST138
0.0,TEST138
0.0,TEST138
0.0,TEST138
0.0,TEST138
0.0,TEST138
0.0,TEST138
0.0,TEST138
0.0,TEST138
0.0,TEST138
0.0,TEST138
0.0,TEST138
0.0,TEST138
0.0,TEST139
0.0,TEST139
0.0,TEST139
0.0,TEST139
0.0,TEST139
0.0,TEST139
0.0,TEST139
0.0,TEST139
0.0,TEST139
0.0,TEST139
0.0,TEST139
0.0,TEST139
0.0,TEST139
0.0,TEST139
0.0,TEST139
0.0,TEST139
0.0,TEST139
0.0,TEST139
0.0,TEST139
0.0,TEST139
0.0,TEST139
0.0,TEST139
0.0,TEST139
0.0,TEST139
0.0,TEST139
0.0,TEST139
0.0,TEST139
0.0,TEST139
0.0,TEST139
0.0,TEST139
0.0,TEST139
0.0,TEST139
0.0,TEST139
0.0,TEST139
0.0,TEST139
0.0,TEST14
0.0,TEST14
0.0,TEST14
0.0,TEST14
0.0,TEST14
0.0,TEST14
0.0,TEST14
0.0,TEST14
0.0,TEST14
0.0,TEST14
0.0,TEST14
0.0,TEST14
0.0,TEST14
0.0,TEST14
0.0,TEST14
0.0,TEST14
0.0,TEST14
0.0,TEST14
0.0,TEST14
0.0,TEST14
0.0,TEST14
0.0,TEST14
0.0,TEST14
0.0,TEST14
0.0,TEST14
0.0,TEST14
0.0,TEST14
0.0,TEST14
0.0,TEST14
0.0,TEST14
0.0,TEST14
0.0,TEST14
0.0,TEST14
0.0,TEST14
0.0,TEST14
1.0,TEST140
2.0,TEST140
2.0,TEST140
2.0,TEST140
2.0,TEST140
3.0,TEST140
3.0,TEST140
3.0,TEST140
3.0,TEST140
3.0,TEST140
3.0,TEST140
3.0,TEST140
3.0,TEST140
3.0,TEST140
3.0,TEST140
3.0,TEST140
3.0,TEST140
3.0,TEST140
3.0,TEST140
3.0,TEST140
3.0,TEST140
3.0,TEST140
3.0,TEST140
3.0,TEST140
3.0,TEST140
3.0,TEST140
3.0,TEST140
3.0,TEST140
3.0,TEST140
3.0,TEST140
3.0,TEST140
3.0,TEST140
3.0,TEST140
3.0,TEST140
3.0,TEST140
1.0,TEST141
1.0,TEST141
1.0,TEST141
1.0,TEST141
1.0,TEST141
1.0,TEST141
1.0,TEST141
1.0,TEST141
2.0,TEST141
2.0,TEST141
2.0,TEST141
2.0,TEST141
2.0,TEST141
2.0,TEST141
2.0,TEST141
2.0,TEST141
2.0,TEST141
2.0,TEST141
2.0,TEST141
2.0,TEST141
2.0,TEST141
2.0,TEST141
2.0,TEST141
2.0,TEST141
2.0,TEST141
2.0,TEST141
3.0,TEST141
3.0,TEST141
3.0,TEST141
3.0,TEST141
3.0,TEST141
3.0,TEST141
3.0,TEST141
3.0,TEST141
3.0,TEST141
2.0,TEST142
3.0,TEST142
3.0,TEST142
3.0,TEST142
3.0,TEST142
3.0,TEST142
3.0,TEST142
3.0,TEST142
3.0,TEST142
3.0,TEST142
3.0,TEST142
3.0,TEST142
3.0,TEST142
3.0,TEST142
3.0,TEST142
3.0,TEST142
3.0,TEST142
3.0,TEST142
3.0,TEST142
3.0,TEST142
3.0,TEST142
3.0,TEST142
3.0,TEST142
3.0,TEST142
3.0,TEST142
3.0,TEST142
3.0,TEST142
3.0,TEST142
3.0,TEST142
3.0,TEST142
3.0,TEST142
3.0,TEST142
3.0,TEST142
3.0,TEST142
3.0,TEST142
0.0,TEST15
0.0,TEST15
0.0,TEST15
0.0,TEST15
0.0,TEST15
0.0,TEST15
0.0,TEST15
0.0,TEST15
0.0,TEST15
0.0,TEST15
0.0,TEST15
0.0,TEST15
0.0,TEST15
0.0,TEST15
0.0,TEST15
0.0,TEST15
0.0,TEST15
0.0,TEST15
0.0,TEST15
0.0,TEST15
0.0,TEST15
0.0,TEST15
0.0,TEST15
0.0,TEST15
0.0,TEST15
0.0,TEST15
0.0,TEST15
0.0,TEST15
0.0,TEST15
0.0,TEST15
0.0,TEST15
0.0,TEST15
0.0,TEST15
0.0,TEST15
0.0,TEST15
0.0,TEST16
0.0,TEST16
0.0,TEST16
0.0,TEST16
0.0,TEST16
0.0,TEST16
0.0,TEST16
0.0,TEST16
0.0,TEST16
0.0,TEST16
0.0,TEST16
0.0,TEST16
0.0,TEST16
0.0,TEST16
0.0,TEST16
0.0,TEST16
0.0,TEST16
0.0,TEST16
0.0,TEST16
0.0,TEST16
0.0,TEST16
0.0,TEST16
0.0,TEST16
0.0,TEST16
0.0,TEST16
0.0,TEST16
0.0,TEST16
0.0,TEST16
0.0,TEST16
0.0,TEST16
0.0,TEST16
0.0,TEST16
0.0,TEST16
0.0,TEST16
0.0,TEST16
3.0,TEST17
3.0,TEST17
3.0,TEST17
3.0,TEST17
3.0,TEST17
3.0,TEST17
3.0,TEST17
3.0,TEST17
3.0,TEST17
3.0,TEST17
3.0,TEST17
3.0,TEST17
3.0,TEST17
3.0,TEST17
3.0,TEST17
3.0,TEST17
3.0,TEST17
3.0,TEST17
3.0,TEST17
3.0,TEST17
3.0,TEST17
3.0,TEST17
3.0,TEST17
3.0,TEST17
3.0,TEST17
3.0,TEST17
3.0,TEST17
3.0,TEST17
3.0,TEST17
3.0,TEST17
3.0,TEST17
3.0,TEST17
3.0,TEST17
3.0,TEST17
3.0,TEST17
0.0,TEST18
0.0,TEST18
0.0,TEST18
0.0,TEST18
0.0,TEST18
0.0,TEST18
0.0,TEST18
0.0,TEST18
0.0,TEST18
0.0,TEST18
0.0,TEST18
0.0,TEST18
0.0,TEST18
0.0,TEST18
0.0,TEST18
0.0,TEST18
0.0,TEST18
0.0,TEST18
0.0,TEST18
0.0,TEST18
0.0,TEST18
0.0,TEST18
0.0,TEST18
0.0,TEST18
0.0,TEST18
0.0,TEST18
0.0,TEST18
0.0,TEST18
0.0,TEST18
0.0,TEST18
0.0,TEST18
0.0,TEST18
0.0,TEST18
0.0,TEST18
0.0,TEST18
0.0,TEST19
0.0,TEST19
0.0,TEST19
0.0,TEST19
0.0,TEST19
0.0,TEST19
0.0,TEST19
0.0,TEST19
0.0,TEST19
0.0,TEST19
0.0,TEST19
0.0,TEST19
0.0,TEST19
0.0,TEST19
0.0,TEST19
0.0,TEST19
0.0,TEST19
0.0,TEST19
0.0,TEST19
0.0,TEST19
0.0,TEST19
0.0,TEST19
0.0,TEST19
0.0,TEST19
0.0,TEST19
0.0,TEST19
0.0,TEST19
0.0,TEST19
0.0,TEST19
0.0,TEST19
0.0,TEST19
0.0,TEST19
0.0,TEST19
0.0,TEST19
0.0,TEST19
0.0,TEST2
0.0,TEST2
0.0,TEST2
0.0,TEST2
0.0,TEST2
0.0,TEST2
0.0,TEST2
0.0,TEST2
0.0,TEST2
0.0,TEST2
0.0,TEST2
0.0,TEST2
0.0,TEST2
0.0,TEST2
0.0,TEST2
0.0,TEST2
0.0,TEST2
0.0,TEST2
0.0,TEST2
0.0,TEST2
0.0,TEST2
0.0,TEST2
0.0,TEST2
0.0,TEST2
0.0,TEST2
0.0,TEST2
0.0,TEST2
0.0,TEST2
0.0,TEST2
0.0,TEST2
0.0,TEST2
0.0,TEST2
0.0,TEST2
0.0,TEST2
0.0,TEST2
0.0,TEST20
0.0,TEST20
0.0,TEST20
0.0,TEST20
0.0,TEST20
0.0,TEST20
0.0,TEST20
0.0,TEST20
0.0,TEST20
0.0,TEST20
0.0,TEST20
0.0,TEST20
0.0,TEST20
0.0,TEST20
0.0,TEST20
0.0,TEST20
0.0,TEST20
0.0,TEST20
0.0,TEST20
0.0,TEST20
0.0,TEST20
0.0,TEST20
0.0,TEST20
0.0,TEST20
0.0,TEST20
0.0,TEST20
0.0,TEST20
0.0,TEST20
0.0,TEST20
0.0,TEST20
0.0,TEST20
0.0,TEST20
0.0,TEST20
0.0,TEST20
0.0,TEST20
1.0,TEST21
2.0,TEST21
2.0,TEST21
2.0,TEST21
2.0,TEST21
2.0,TEST21
2.0,TEST21
2.0,TEST21
2.0,TEST21
2.0,TEST21
2.0,TEST21
2.0,TEST21
2.0,TEST21
2.0,TEST21
2.0,TEST21
2.0,TEST21
2.0,TEST21
2.0,TEST21
2.0,TEST21
2.0,TEST21
2.0,TEST21
3.0,TEST21
3.0,TEST21
3.0,TEST21
3.0,TEST21
3.0,TEST21
3.0,TEST21
3.0,TEST21
3.0,TEST21
3.0,TEST21
3.0,TEST21
3.0,TEST21
3.0,TEST21
3.0,TEST21
3.0,TEST21
1.0,TEST22
2.0,TEST22
2.0,TEST22
2.0,TEST22
2.0,TEST22
2.0,TEST22
2.0,TEST22
2.0,TEST22
2.0,TEST22
2.0,TEST22
2.0,TEST22
2.0,TEST22
2.0,TEST22
2.0,TEST22
2.0,TEST22
2.0,TEST22
2.0,TEST22
2.0,TEST22
2.0,TEST22
2.0,TEST22
2.0,TEST22
2.0,TEST22
2.0,TEST22
2.0,TEST22
2.0,TEST22
2.0,TEST22
2.0,TEST22
2.0,TEST22
2.0,TEST22
2.0,TEST22
2.0,TEST22
2.0,TEST22
2.0,TEST22
2.0,TEST22
2.0,TEST22
2.0,TEST22
2.0,TEST22
2.0,TEST22
2.0,TEST22
0.0,TEST23
0.0,TEST23
0.0,TEST23
0.0,TEST23
0.0,TEST23
0.0,TEST23
0.0,TEST23
0.0,TEST23
0.0,TEST23
0.0,TEST23
0.0,TEST23
0.0,TEST23
0.0,TEST23
0.0,TEST23
0.0,TEST23
0.0,TEST23
0.0,TEST23
0.0,TEST23
0.0,TEST23
0.0,TEST23
0.0,TEST23
0.0,TEST23
0.0,TEST23
0.0,TEST23
0.0,TEST23
0.0,TEST23
0.0,TEST23
0.0,TEST23
0.0,TEST23
0.0,TEST23
0.0,TEST23
0.0,TEST23
0.0,TEST23
0.0,TEST23
0.0,TEST23
0.0,TEST24
0.0,TEST24
0.0,TEST24
0.0,TEST24
0.0,TEST24
0.0,TEST24
0.0,TEST24
0.0,TEST24
0.0,TEST24
0.0,TEST24
0.0,TEST24
0.0,TEST24
0.0,TEST24
0.0,TEST24
0.0,TEST24
0.0,TEST24
0.0,TEST24
0.0,TEST24
0.0,TEST24
0.0,TEST24
0.0,TEST24
0.0,TEST24
0.0,TEST24
0.0,TEST24
0.0,TEST24
0.0,TEST24
0.0,TEST24
0.0,TEST24
0.0,TEST24
0.0,TEST24
0.0,TEST24
0.0,TEST24
0.0,TEST24
0.0,TEST24
0.0,TEST24
0.0,TEST25
0.0,TEST25
0.0,TEST25
0.0,TEST25
0.0,TEST25
0.0,TEST25
0.0,TEST25
0.0,TEST25
0.0,TEST25
0.0,TEST25
0.0,TEST25
0.0,TEST25
0.0,TEST25
0.0,TEST25
0.0,TEST25
0.0,TEST25
0.0,TEST25
0.0,TEST25
0.0,TEST25
0.0,TEST25
0.0,TEST25
0.0,TEST25
0.0,TEST25
0.0,TEST25
0.0,TEST25
0.0,TEST25
0.0,TEST25
0.0,TEST25
0.0,TEST25
0.0,TEST25
0.0,TEST25
0.0,TEST25
0.0,TEST25
0.0,TEST25
0.0,TEST25
0.0,TEST26
0.0,TEST26
0.0,TEST26
0.0,TEST26
0.0,TEST26
0.0,TEST26
0.0,TEST26
0.0,TEST26
0.0,TEST26
0.0,TEST26
0.0,TEST26
0.0,TEST26
0.0,TEST26
0.0,TEST26
0.0,TEST26
0.0,TEST26
0.0,TEST26
0.0,TEST26
0.0,TEST26
0.0,TEST26
0.0,TEST26
0.0,TEST26
0.0,TEST26
0.0,TEST26
0.0,TEST26
0.0,TEST26
0.0,TEST26
0.0,TEST26
0.0,TEST26
0.0,TEST26
0.0,TEST26
0.0,TEST26
0.0,TEST26
0.0,TEST26
0.0,TEST26
0.0,TEST27
0.0,TEST27
0.0,TEST27
0.0,TEST27
0.0,TEST27
0.0,TEST27
0.0,TEST27
0.0,TEST27
0.0,TEST27
0.0,TEST27
0.0,TEST27
0.0,TEST27
0.0,TEST27
0.0,TEST27
0.0,TEST27
0.0,TEST27
0.0,TEST27
0.0,TEST27
0.0,TEST27
0.0,TEST27
0.0,TEST27
0.0,TEST27
0.0,TEST27
0.0,TEST27
0.0,TEST27
0.0,TEST27
0.0,TEST27
0.0,TEST27
0.0,TEST27
0.0,TEST27
0.0,TEST27
0.0,TEST27
0.0,TEST27
0.0,TEST27
0.0,TEST27
0.0,TEST28
0.0,TEST28
0.0,TEST28
0.0,TEST28
0.0,TEST28
0.0,TEST28
0.0,TEST28
0.0,TEST28
0.0,TEST28
0.0,TEST28
0.0,TEST28
0.0,TEST28
0.0,TEST28
0.0,TEST28
0.0,TEST28
0.0,TEST28
0.0,TEST28
0.0,TEST28
0.0,TEST28
0.0,TEST28
0.0,TEST28
0.0,TEST28
0.0,TEST28
0.0,TEST28
0.0,TEST28
0.0,TEST28
0.0,TEST28
0.0,TEST28
0.0,TEST28
0.0,TEST28
0.0,TEST28
0.0,TEST28
0.0,TEST28
0.0,TEST28
0.0,TEST28
0.0,TEST29
0.0,TEST29
0.0,TEST29
0.0,TEST29
0.0,TEST29
0.0,TEST29
0.0,TEST29
0.0,TEST29
0.0,TEST29
0.0,TEST29
0.0,TEST29
0.0,TEST29
0.0,TEST29
0.0,TEST29
0.0,TEST29
0.0,TEST29
0.0,TEST29
0.0,TEST29
0.0,TEST29
0.0,TEST29
0.0,TEST29
0.0,TEST29
0.0,TEST29
0.0,TEST29
0.0,TEST29
0.0,TEST29
0.0,TEST29
0.0,TEST29
0.0,TEST29
0.0,TEST29
0.0,TEST29
0.0,TEST29
0.0,TEST29
0.0,TEST29
0.0,TEST29
1.0,TEST3
1.0,TEST3
1.0,TEST3
1.0,TEST3
1.0,TEST3
1.0,TEST3
1.0,TEST3
1.0,TEST3
1.0,TEST3
1.0,TEST3
1.0,TEST3
1.0,TEST3
1.0,TEST3
1.0,TEST3
1.0,TEST3
1.0,TEST3
1.0,TEST3
1.0,TEST3
1.0,TEST3
1.0,TEST3
1.0,TEST3
1.0,TEST3
1.0,TEST3
1.0,TEST3
1.0,TEST3
1.0,TEST3
2.0,TEST3
2.0,TEST3
2.0,TEST3
2.0,TEST3
3.0,TEST3
3.0,TEST3
3.0,TEST3
3.0,TEST3
3.0,TEST3
0.0,TEST30
0.0,TEST30
0.0,TEST30
0.0,TEST30
0.0,TEST30
0.0,TEST30
0.0,TEST30
0.0,TEST30
0.0,TEST30
0.0,TEST30
0.0,TEST30
0.0,TEST30
0.0,TEST30
0.0,TEST30
0.0,TEST30
0.0,TEST30
0.0,TEST30
0.0,TEST30
0.0,TEST30
0.0,TEST30
0.0,TEST30
0.0,TEST30
0.0,TEST30
0.0,TEST30
0.0,TEST30
0.0,TEST30
0.0,TEST30
0.0,TEST30
0.0,TEST30
0.0,TEST30
0.0,TEST30
0.0,TEST30
0.0,TEST30
0.0,TEST30
0.0,TEST30
0.0,TEST31
0.0,TEST31
0.0,TEST31
0.0,TEST31
0.0,TEST31
0.0,TEST31
0.0,TEST31
0.0,TEST31
0.0,TEST31
0.0,TEST31
0.0,TEST31
0.0,TEST31
0.0,TEST31
0.0,TEST31
0.0,TEST31
0.0,TEST31
0.0,TEST31
0.0,TEST31
0.0,TEST31
0.0,TEST31
0.0,TEST31
0.0,TEST31
0.0,TEST31
0.0,TEST31
0.0,TEST31
0.0,TEST31
0.0,TEST31
0.0,TEST31
0.0,TEST31
0.0,TEST31
0.0,TEST31
0.0,TEST31
0.0,TEST31
0.0,TEST31
0.0,TEST31
0.0,TEST32
0.0,TEST32
0.0,TEST32
0.0,TEST32
0.0,TEST32
0.0,TEST32
0.0,TEST32
0.0,TEST32
0.0,TEST32
0.0,TEST32
0.0,TEST32
0.0,TEST32
0.0,TEST32
0.0,TEST32
0.0,TEST32
0.0,TEST32
0.0,TEST32
0.0,TEST32
0.0,TEST32
0.0,TEST32
0.0,TEST32
0.0,TEST32
0.0,TEST32
0.0,TEST32
0.0,TEST32
0.0,TEST32
0.0,TEST32
0.0,TEST32
0.0,TEST32
0.0,TEST32
0.0,TEST32
0.0,TEST32
0.0,TEST32
0.0,TEST32
0.0,TEST32
0.0,TEST33
0.0,TEST33
0.0,TEST33
0.0,TEST33
0.0,TEST33
0.0,TEST33
0.0,TEST33
0.0,TEST33
0.0,TEST33
0.0,TEST33
0.0,TEST33
0.0,TEST33
0.0,TEST33
0.0,TEST33
0.0,TEST33
0.0,TEST33
0.0,TEST33
0.0,TEST33
0.0,TEST33
0.0,TEST33
0.0,TEST33
0.0,TEST33
0.0,TEST33
0.0,TEST33
0.0,TEST33
0.0,TEST33
0.0,TEST33
0.0,TEST33
0.0,TEST33
0.0,TEST33
0.0,TEST33
0.0,TEST33
0.0,TEST33
0.0,TEST33
0.0,TEST33
0.0,TEST34
0.0,TEST34
0.0,TEST34
0.0,TEST34
0.0,TEST34
0.0,TEST34
0.0,TEST34
0.0,TEST34
0.0,TEST34
0.0,TEST34
0.0,TEST34
0.0,TEST34
0.0,TEST34
0.0,TEST34
0.0,TEST34
0.0,TEST34
0.0,TEST34
0.0,TEST34
0.0,TEST34
0.0,TEST34
0.0,TEST34
0.0,TEST34
0.0,TEST34
0.0,TEST34
0.0,TEST34
0.0,TEST34
0.0,TEST34
0.0,TEST34
0.0,TEST34
0.0,TEST34
0.0,TEST34
0.0,TEST34
0.0,TEST34
0.0,TEST34
0.0,TEST34
0.0,TEST35
0.0,TEST35
0.0,TEST35
0.0,TEST35
0.0,TEST35
0.0,TEST35
0.0,TEST35
0.0,TEST35
0.0,TEST35
0.0,TEST35
0.0,TEST35
0.0,TEST35
0.0,TEST35
0.0,TEST35
0.0,TEST35
0.0,TEST35
0.0,TEST35
0.0,TEST35
0.0,TEST35
0.0,TEST35
0.0,TEST35
0.0,TEST35
0.0,TEST35
0.0,TEST35
0.0,TEST35
0.0,TEST35
0.0,TEST35
0.0,TEST35
0.0,TEST35
0.0,TEST35
0.0,TEST35
0.0,TEST35
0.0,TEST35
0.0,TEST35
0.0,TEST35
2.0,TEST36
3.0,TEST36
3.0,TEST36
3.0,TEST36
3.0,TEST36
3.0,TEST36
3.0,TEST36
3.0,TEST36
3.0,TEST36
3.0,TEST36
3.0,TEST36
3.0,TEST36
3.0,TEST36
3.0,TEST36
3.0,TEST36
3.0,TEST36
3.0,TEST36
3.0,TEST36
3.0,TEST36
3.0,TEST36
3.0,TEST36
3.0,TEST36
3.0,TEST36
3.0,TEST36
3.0,TEST36
3.0,TEST36
3.0,TEST36
3.0,TEST36
3.0,TEST36
3.0,TEST36
3.0,TEST36
3.0,TEST36
3.0,TEST36
3.0,TEST36
3.0,TEST36
1.0,TEST37
1.0,TEST37
1.0,TEST37
2.0,TEST37
2.0,TEST37
3.0,TEST37
3.0,TEST37
3.0,TEST37
3.0,TEST37
3.0,TEST37
3.0,TEST37
3.0,TEST37
3.0,TEST37
3.0,TEST37
3.0,TEST37
3.0,TEST37
3.0,TEST37
3.0,TEST37
3.0,TEST37
3.0,TEST37
3.0,TEST37
3.0,TEST37
3.0,TEST37
3.0,TEST37
3.0,TEST37
3.0,TEST37
3.0,TEST37
3.0,TEST37
3.0,TEST37
3.0,TEST37
3.0,TEST37
3.0,TEST37
3.0,TEST37
3.0,TEST37
3.0,TEST37
3.0,TEST37
3.0,TEST37
3.0,TEST37
3.0,TEST37
3.0,TEST37
3.0,TEST37
3.0,TEST37
0.0,TEST38
0.0,TEST38
0.0,TEST38
0.0,TEST38
0.0,TEST38
0.0,TEST38
0.0,TEST38
0.0,TEST38
0.0,TEST38
0.0,TEST38
0.0,TEST38
0.0,TEST38
0.0,TEST38
0.0,TEST38
0.0,TEST38
0.0,TEST38
0.0,TEST38
0.0,TEST38
0.0,TEST38
0.0,TEST38
0.0,TEST38
0.0,TEST38
0.0,TEST38
0.0,TEST38
0.0,TEST38
0.0,TEST38
0.0,TEST38
0.0,TEST38
0.0,TEST38
0.0,TEST38
0.0,TEST38
0.0,TEST38
0.0,TEST38
0.0,TEST38
0.0,TEST38
0.0,TEST39
0.0,TEST39
0.0,TEST39
0.0,TEST39
0.0,TEST39
0.0,TEST39
0.0,TEST39
0.0,TEST39
0.0,TEST39
0.0,TEST39
0.0,TEST39
0.0,TEST39
0.0,TEST39
0.0,TEST39
0.0,TEST39
0.0,TEST39
0.0,TEST39
0.0,TEST39
0.0,TEST39
0.0,TEST39
0.0,TEST39
0.0,TEST39
0.0,TEST39
0.0,TEST39
0.0,TEST39
0.0,TEST39
0.0,TEST39
0.0,TEST39
0.0,TEST39
0.0,TEST39
0.0,TEST39
0.0,TEST39
0.0,TEST39
0.0,TEST39
0.0,TEST39
1.0,TEST4
1.0,TEST4
1.0,TEST4
1.0,TEST4
1.0,TEST4
1.0,TEST4
1.0,TEST4
1.0,TEST4
1.0,TEST4
1.0,TEST4
1.0,TEST4
1.0,TEST4
1.0,TEST4
1.0,TEST4
1.0,TEST4
1.0,TEST4
1.0,TEST4
1.0,TEST4
1.0,TEST4
1.0,TEST4
1.0,TEST4
1.0,TEST4
1.0,TEST4
1.0,TEST4
1.0,TEST4
2.0,TEST4
2.0,TEST4
2.0,TEST4
2.0,TEST4
2.0,TEST4
2.0,TEST4
3.0,TEST4
3.0,TEST4
3.0,TEST4
3.0,TEST4
0.0,TEST40
0.0,TEST40
0.0,TEST40
0.0,TEST40
0.0,TEST40
0.0,TEST40
0.0,TEST40
0.0,TEST40
0.0,TEST40
0.0,TEST40
0.0,TEST40
0.0,TEST40
0.0,TEST40
0.0,TEST40
0.0,TEST40
0.0,TEST40
0.0,TEST40
0.0,TEST40
0.0,TEST40
0.0,TEST40
0.0,TEST40
0.0,TEST40
0.0,TEST40
0.0,TEST40
0.0,TEST40
0.0,TEST40
0.0,TEST40
0.0,TEST40
0.0,TEST40
0.0,TEST40
0.0,TEST40
0.0,TEST40
0.0,TEST40
0.0,TEST40
0.0,TEST40
0.0,TEST41
0.0,TEST41
0.0,TEST41
0.0,TEST41
0.0,TEST41
0.0,TEST41
0.0,TEST41
0.0,TEST41
0.0,TEST41
0.0,TEST41
0.0,TEST41
0.0,TEST41
0.0,TEST41
0.0,TEST41
0.0,TEST41
0.0,TEST41
0.0,TEST41
0.0,TEST41
0.0,TEST41
0.0,TEST41
0.0,TEST41
0.0,TEST41
0.0,TEST41
0.0,TEST41
0.0,TEST41
0.0,TEST41
0.0,TEST41
0.0,TEST41
0.0,TEST41
0.0,TEST41
0.0,TEST41
0.0,TEST41
0.0,TEST41
0.0,TEST41
0.0,TEST41
2.0,TEST42
2.0,TEST42
2.0,TEST42
2.0,TEST42
2.0,TEST42
2.0,TEST42
2.0,TEST42
2.0,TEST42
2.0,TEST42
2.0,TEST42
2.0,TEST42
2.0,TEST42
2.0,TEST42
2.0,TEST42
2.0,TEST42
2.0,TEST42
2.0,TEST42
2.0,TEST42
2.0,TEST42
2.0,TEST42
2.0,TEST42
2.0,TEST42
2.0,TEST42
2.0,TEST42
2.0,TEST42
2.0,TEST42
2.0,TEST42
2.0,TEST42
2.0,TEST42
2.0,TEST42
2.0,TEST42
2.0,TEST42
2.0,TEST42
2.0,TEST42
2.0,TEST42
2.0,TEST42
2.0,TEST42
2.0,TEST42
3.0,TEST42
0.0,TEST43
0.0,TEST43
0.0,TEST43
0.0,TEST43
0.0,TEST43
0.0,TEST43
0.0,TEST43
0.0,TEST43
0.0,TEST43
0.0,TEST43
0.0,TEST43
0.0,TEST43
0.0,TEST43
0.0,TEST43
0.0,TEST43
0.0,TEST43
0.0,TEST43
0.0,TEST43
0.0,TEST43
0.0,TEST43
0.0,TEST43
0.0,TEST43
0.0,TEST43
0.0,TEST43
0.0,TEST43
0.0,TEST43
0.0,TEST43
0.0,TEST43
0.0,TEST43
0.0,TEST43
0.0,TEST43
0.0,TEST43
0.0,TEST43
0.0,TEST43
0.0,TEST43
0.0,TEST44
0.0,TEST44
0.0,TEST44
0.0,TEST44
0.0,TEST44
0.0,TEST44
0.0,TEST44
0.0,TEST44
0.0,TEST44
0.0,TEST44
0.0,TEST44
0.0,TEST44
0.0,TEST44
0.0,TEST44
0.0,TEST44
0.0,TEST44
0.0,TEST44
0.0,TEST44
0.0,TEST44
0.0,TEST44
0.0,TEST44
0.0,TEST44
0.0,TEST44
0.0,TEST44
0.0,TEST44
0.0,TEST44
0.0,TEST44
0.0,TEST44
0.0,TEST44
0.0,TEST44
0.0,TEST44
0.0,TEST44
0.0,TEST44
0.0,TEST44
0.0,TEST44
0.0,TEST45
0.0,TEST45
0.0,TEST45
0.0,TEST45
0.0,TEST45
0.0,TEST45
0.0,TEST45
0.0,TEST45
0.0,TEST45
0.0,TEST45
0.0,TEST45
0.0,TEST45
0.0,TEST45
0.0,TEST45
0.0,TEST45
0.0,TEST45
0.0,TEST45
0.0,TEST45
0.0,TEST45
0.0,TEST45
0.0,TEST45
0.0,TEST45
0.0,TEST45
0.0,TEST45
0.0,TEST45
0.0,TEST45
0.0,TEST45
0.0,TEST45
0.0,TEST45
0.0,TEST45
0.0,TEST45
0.0,TEST45
0.0,TEST45
0.0,TEST45
0.0,TEST45
0.0,TEST46
0.0,TEST46
0.0,TEST46
0.0,TEST46
0.0,TEST46
0.0,TEST46
0.0,TEST46
0.0,TEST46
0.0,TEST46
0.0,TEST46
0.0,TEST46
0.0,TEST46
0.0,TEST46
0.0,TEST46
0.0,TEST46
0.0,TEST46
0.0,TEST46
0.0,TEST46
0.0,TEST46
0.0,TEST46
0.0,TEST46
0.0,TEST46
0.0,TEST46
0.0,TEST46
0.0,TEST46
0.0,TEST46
0.0,TEST46
0.0,TEST46
0.0,TEST46
0.0,TEST46
0.0,TEST46
0.0,TEST46
0.0,TEST46
0.0,TEST46
0.0,TEST46
0.0,TEST47
0.0,TEST47
0.0,TEST47
0.0,TEST47
0.0,TEST47
0.0,TEST47
0.0,TEST47
0.0,TEST47
0.0,TEST47
0.0,TEST47
0.0,TEST47
0.0,TEST47
0.0,TEST47
0.0,TEST47
0.0,TEST47
0.0,TEST47
0.0,TEST47
0.0,TEST47
0.0,TEST47
0.0,TEST47
0.0,TEST47
0.0,TEST47
0.0,TEST47
0.0,TEST47
0.0,TEST47
0.0,TEST47
0.0,TEST47
0.0,TEST47
0.0,TEST47
0.0,TEST47
0.0,TEST47
0.0,TEST47
0.0,TEST47
0.0,TEST47
0.0,TEST47
0.0,TEST48
0.0,TEST48
0.0,TEST48
0.0,TEST48
0.0,TEST48
0.0,TEST48
0.0,TEST48
0.0,TEST48
0.0,TEST48
0.0,TEST48
0.0,TEST48
0.0,TEST48
0.0,TEST48
0.0,TEST48
0.0,TEST48
0.0,TEST48
0.0,TEST48
0.0,TEST48
0.0,TEST48
0.0,TEST48
0.0,TEST48
0.0,TEST48
0.0,TEST48
0.0,TEST48
0.0,TEST48
0.0,TEST48
0.0,TEST48
0.0,TEST48
0.0,TEST48
0.0,TEST48
0.0,TEST48
0.0,TEST48
0.0,TEST48
0.0,TEST48
0.0,TEST48
0.0,TEST49
0.0,TEST49
0.0,TEST49
0.0,TEST49
0.0,TEST49
0.0,TEST49
0.0,TEST49
0.0,TEST49
0.0,TEST49
0.0,TEST49
0.0,TEST49
0.0,TEST49
0.0,TEST49
0.0,TEST49
0.0,TEST49
0.0,TEST49
0.0,TEST49
0.0,TEST49
0.0,TEST49
0.0,TEST49
0.0,TEST49
0.0,TEST49
0.0,TEST49
0.0,TEST49
0.0,TEST49
0.0,TEST49
0.0,TEST49
0.0,TEST49
0.0,TEST49
0.0,TEST49
0.0,TEST49
0.0,TEST49
0.0,TEST49
0.0,TEST49
0.0,TEST49
0.0,TEST5
0.0,TEST5
0.0,TEST5
0.0,TEST5
0.0,TEST5
0.0,TEST5
0.0,TEST5
0.0,TEST5
0.0,TEST5
0.0,TEST5
0.0,TEST5
0.0,TEST5
0.0,TEST5
0.0,TEST5
0.0,TEST5
0.0,TEST5
0.0,TEST5
0.0,TEST5
0.0,TEST5
0.0,TEST5
0.0,TEST5
0.0,TEST5
0.0,TEST5
0.0,TEST5
0.0,TEST5
0.0,TEST5
0.0,TEST5
0.0,TEST5
0.0,TEST5
0.0,TEST5
0.0,TEST5
0.0,TEST5
0.0,TEST5
0.0,TEST5
0.0,TEST5
0.0,TEST50
0.0,TEST50
0.0,TEST50
0.0,TEST50
0.0,TEST50
0.0,TEST50
0.0,TEST50
0.0,TEST50
0.0,TEST50
0.0,TEST50
0.0,TEST50
0.0,TEST50
0.0,TEST50
0.0,TEST50
0.0,TEST50
0.0,TEST50
0.0,TEST50
0.0,TEST50
0.0,TEST50
0.0,TEST50
0.0,TEST50
0.0,TEST50
0.0,TEST50
0.0,TEST50
0.0,TEST50
0.0,TEST50
0.0,TEST50
0.0,TEST50
0.0,TEST50
0.0,TEST50
0.0,TEST50
0.0,TEST50
0.0,TEST50
0.0,TEST50
0.0,TEST50
0.0,TEST51
0.0,TEST51
0.0,TEST51
0.0,TEST51
0.0,TEST51
0.0,TEST51
0.0,TEST51
0.0,TEST51
0.0,TEST51
0.0,TEST51
0.0,TEST51
0.0,TEST51
0.0,TEST51
0.0,TEST51
0.0,TEST51
0.0,TEST51
0.0,TEST51
0.0,TEST51
0.0,TEST51
0.0,TEST51
0.0,TEST51
0.0,TEST51
0.0,TEST51
0.0,TEST51
0.0,TEST51
0.0,TEST51
0.0,TEST51
0.0,TEST51
0.0,TEST51
0.0,TEST51
0.0,TEST51
0.0,TEST51
0.0,TEST51
0.0,TEST51
0.0,TEST51
0.0,TEST52
0.0,TEST52
0.0,TEST52
0.0,TEST52
0.0,TEST52
0.0,TEST52
0.0,TEST52
0.0,TEST52
0.0,TEST52
0.0,TEST52
0.0,TEST52
0.0,TEST52
0.0,TEST52
0.0,TEST52
0.0,TEST52
0.0,TEST52
0.0,TEST52
0.0,TEST52
0.0,TEST52
0.0,TEST52
0.0,TEST52
0.0,TEST52
0.0,TEST52
0.0,TEST52
0.0,TEST52
0.0,TEST52
0.0,TEST52
0.0,TEST52
0.0,TEST52
0.0,TEST52
0.0,TEST52
0.0,TEST52
0.0,TEST52
0.0,TEST52
0.0,TEST52
0.0,TEST53
0.0,TEST53
0.0,TEST53
0.0,TEST53
0.0,TEST53
0.0,TEST53
0.0,TEST53
0.0,TEST53
0.0,TEST53
0.0,TEST53
0.0,TEST53
0.0,TEST53
0.0,TEST53
0.0,TEST53
0.0,TEST53
0.0,TEST53
0.0,TEST53
0.0,TEST53
0.0,TEST53
0.0,TEST53
0.0,TEST53
0.0,TEST53
0.0,TEST53
0.0,TEST53
0.0,TEST53
0.0,TEST53
0.0,TEST53
0.0,TEST53
0.0,TEST53
0.0,TEST53
0.0,TEST53
0.0,TEST53
0.0,TEST53
0.0,TEST53
0.0,TEST53
1.0,TEST54
1.0,TEST54
2.0,TEST54
2.0,TEST54
2.0,TEST54
2.0,TEST54
2.0,TEST54
2.0,TEST54
2.0,TEST54
2.0,TEST54
2.0,TEST54
2.0,TEST54
2.0,TEST54
2.0,TEST54
2.0,TEST54
2.0,TEST54
2.0,TEST54
2.0,TEST54
2.0,TEST54
2.0,TEST54
2.0,TEST54
2.0,TEST54
2.0,TEST54
2.0,TEST54
2.0,TEST54
2.0,TEST54
2.0,TEST54
2.0,TEST54
2.0,TEST54
2.0,TEST54
2.0,TEST54
2.0,TEST54
2.0,TEST54
2.0,TEST54
3.0,TEST54
3.0,TEST54
3.0,TEST54
3.0,TEST54
0.0,TEST55
0.0,TEST55
0.0,TEST55
0.0,TEST55
0.0,TEST55
0.0,TEST55
0.0,TEST55
0.0,TEST55
0.0,TEST55
0.0,TEST55
0.0,TEST55
0.0,TEST55
0.0,TEST55
0.0,TEST55
0.0,TEST55
0.0,TEST55
0.0,TEST55
0.0,TEST55
0.0,TEST55
0.0,TEST55
0.0,TEST55
0.0,TEST55
0.0,TEST55
0.0,TEST55
0.0,TEST55
0.0,TEST55
0.0,TEST55
0.0,TEST55
0.0,TEST55
0.0,TEST55
0.0,TEST55
0.0,TEST55
0.0,TEST55
0.0,TEST55
0.0,TEST55
0.0,TEST56
0.0,TEST56
0.0,TEST56
0.0,TEST56
0.0,TEST56
0.0,TEST56
0.0,TEST56
0.0,TEST56
0.0,TEST56
0.0,TEST56
0.0,TEST56
0.0,TEST56
0.0,TEST56
0.0,TEST56
0.0,TEST56
0.0,TEST56
0.0,TEST56
0.0,TEST56
0.0,TEST56
0.0,TEST56
0.0,TEST56
0.0,TEST56
0.0,TEST56
0.0,TEST56
0.0,TEST56
0.0,TEST56
0.0,TEST56
0.0,TEST56
0.0,TEST56
0.0,TEST56
0.0,TEST56
0.0,TEST56
0.0,TEST56
0.0,TEST56
0.0,TEST56
0.0,TEST57
0.0,TEST57
0.0,TEST57
0.0,TEST57
0.0,TEST57
0.0,TEST57
0.0,TEST57
0.0,TEST57
0.0,TEST57
0.0,TEST57
0.0,TEST57
0.0,TEST57
0.0,TEST57
0.0,TEST57
0.0,TEST57
0.0,TEST57
0.0,TEST57
0.0,TEST57
0.0,TEST57
0.0,TEST57
0.0,TEST57
0.0,TEST57
0.0,TEST57
0.0,TEST57
0.0,TEST57
0.0,TEST57
0.0,TEST57
0.0,TEST57
0.0,TEST57
0.0,TEST57
0.0,TEST57
0.0,TEST57
0.0,TEST57
0.0,TEST57
0.0,TEST57
0.0,TEST58
0.0,TEST58
0.0,TEST58
0.0,TEST58
0.0,TEST58
0.0,TEST58
0.0,TEST58
0.0,TEST58
0.0,TEST58
0.0,TEST58
0.0,TEST58
0.0,TEST58
0.0,TEST58
0.0,TEST58
0.0,TEST58
0.0,TEST58
0.0,TEST58
0.0,TEST58
0.0,TEST58
0.0,TEST58
0.0,TEST58
0.0,TEST58
0.0,TEST58
0.0,TEST58
0.0,TEST58
0.0,TEST58
0.0,TEST58
0.0,TEST58
0.0,TEST58
0.0,TEST58
0.0,TEST58
0.0,TEST58
0.0,TEST58
0.0,TEST58
0.0,TEST58
0.0,TEST59
0.0,TEST59
0.0,TEST59
0.0,TEST59
0.0,TEST59
0.0,TEST59
0.0,TEST59
0.0,TEST59
0.0,TEST59
0.0,TEST59
0.0,TEST59
0.0,TEST59
0.0,TEST59
0.0,TEST59
0.0,TEST59
0.0,TEST59
0.0,TEST59
0.0,TEST59
0.0,TEST59
0.0,TEST59
0.0,TEST59
0.0,TEST59
0.0,TEST59
0.0,TEST59
0.0,TEST59
0.0,TEST59
0.0,TEST59
0.0,TEST59
0.0,TEST59
0.0,TEST59
0.0,TEST59
0.0,TEST59
0.0,TEST59
0.0,TEST59
0.0,TEST59
0.0,TEST6
0.0,TEST6
0.0,TEST6
0.0,TEST6
0.0,TEST6
0.0,TEST6
0.0,TEST6
0.0,TEST6
0.0,TEST6
0.0,TEST6
0.0,TEST6
0.0,TEST6
0.0,TEST6
0.0,TEST6
0.0,TEST6
0.0,TEST6
0.0,TEST6
0.0,TEST6
0.0,TEST6
0.0,TEST6
0.0,TEST6
0.0,TEST6
0.0,TEST6
0.0,TEST6
0.0,TEST6
0.0,TEST6
0.0,TEST6
0.0,TEST6
0.0,TEST6
0.0,TEST6
0.0,TEST6
0.0,TEST6
0.0,TEST6
0.0,TEST6
0.0,TEST6
1.0,TEST60
1.0,TEST60
1.0,TEST60
1.0,TEST60
1.0,TEST60
1.0,TEST60
1.0,TEST60
2.0,TEST60
2.0,TEST60
2.0,TEST60
2.0,TEST60
2.0,TEST60
2.0,TEST60
2.0,TEST60
2.0,TEST60
2.0,TEST60
2.0,TEST60
2.0,TEST60
2.0,TEST60
2.0,TEST60
2.0,TEST60
2.0,TEST60
2.0,TEST60
2.0,TEST60
2.0,TEST60
2.0,TEST60
2.0,TEST60
3.0,TEST60
3.0,TEST60
3.0,TEST60
3.0,TEST60
3.0,TEST60
3.0,TEST60
3.0,TEST60
3.0,TEST60
0.0,TEST61
0.0,TEST61
0.0,TEST61
0.0,TEST61
0.0,TEST61
0.0,TEST61
0.0,TEST61
0.0,TEST61
0.0,TEST61
0.0,TEST61
0.0,TEST61
0.0,TEST61
0.0,TEST61
0.0,TEST61
0.0,TEST61
0.0,TEST61
0.0,TEST61
0.0,TEST61
0.0,TEST61
0.0,TEST61
0.0,TEST61
0.0,TEST61
0.0,TEST61
0.0,TEST61
0.0,TEST61
0.0,TEST61
0.0,TEST61
0.0,TEST61
0.0,TEST61
0.0,TEST61
0.0,TEST61
0.0,TEST61
0.0,TEST61
0.0,TEST61
0.0,TEST61
1.0,TEST62
2.0,TEST62
2.0,TEST62
2.0,TEST62
2.0,TEST62
2.0,TEST62
2.0,TEST62
2.0,TEST62
2.0,TEST62
2.0,TEST62
2.0,TEST62
2.0,TEST62
2.0,TEST62
2.0,TEST62
2.0,TEST62
2.0,TEST62
2.0,TEST62
2.0,TEST62
3.0,TEST62
3.0,TEST62
3.0,TEST62
3.0,TEST62
3.0,TEST62
3.0,TEST62
3.0,TEST62
3.0,TEST62
3.0,TEST62
3.0,TEST62
3.0,TEST62
3.0,TEST62
3.0,TEST62
3.0,TEST62
3.0,TEST62
3.0,TEST62
3.0,TEST62
0.0,TEST63
0.0,TEST63
0.0,TEST63
0.0,TEST63
0.0,TEST63
0.0,TEST63
0.0,TEST63
0.0,TEST63
0.0,TEST63
0.0,TEST63
0.0,TEST63
0.0,TEST63
0.0,TEST63
0.0,TEST63
0.0,TEST63
0.0,TEST63
0.0,TEST63
0.0,TEST63
0.0,TEST63
0.0,TEST63
0.0,TEST63
0.0,TEST63
0.0,TEST63
0.0,TEST63
0.0,TEST63
0.0,TEST63
0.0,TEST63
0.0,TEST63
0.0,TEST63
0.0,TEST63
0.0,TEST63
0.0,TEST63
0.0,TEST63
0.0,TEST63
0.0,TEST63
0.0,TEST64
0.0,TEST64
0.0,TEST64
0.0,TEST64
0.0,TEST64
0.0,TEST64
0.0,TEST64
0.0,TEST64
0.0,TEST64
0.0,TEST64
0.0,TEST64
0.0,TEST64
0.0,TEST64
0.0,TEST64
0.0,TEST64
0.0,TEST64
0.0,TEST64
0.0,TEST64
0.0,TEST64
0.0,TEST64
0.0,TEST64
0.0,TEST64
0.0,TEST64
0.0,TEST64
0.0,TEST64
0.0,TEST64
0.0,TEST64
0.0,TEST64
0.0,TEST64
0.0,TEST64
0.0,TEST64
0.0,TEST64
0.0,TEST64
0.0,TEST64
0.0,TEST64
1.0,TEST65
2.0,TEST65
2.0,TEST65
2.0,TEST65
3.0,TEST65
3.0,TEST65
3.0,TEST65
3.0,TEST65
3.0,TEST65
3.0,TEST65
3.0,TEST65
3.0,TEST65
3.0,TEST65
3.0,TEST65
3.0,TEST65
3.0,TEST65
3.0,TEST65
3.0,TEST65
3.0,TEST65
3.0,TEST65
3.0,TEST65
3.0,TEST65
3.0,TEST65
3.0,TEST65
3.0,TEST65
3.0,TEST65
3.0,TEST65
3.0,TEST65
3.0,TEST65
3.0,TEST65
3.0,TEST65
3.0,TEST65
3.0,TEST65
3.0,TEST65
3.0,TEST65
0.0,TEST66
0.0,TEST66
0.0,TEST66
0.0,TEST66
0.0,TEST66
0.0,TEST66
0.0,TEST66
0.0,TEST66
0.0,TEST66
0.0,TEST66
0.0,TEST66
0.0,TEST66
0.0,TEST66
0.0,TEST66
0.0,TEST66
0.0,TEST66
0.0,TEST66
0.0,TEST66
0.0,TEST66
0.0,TEST66
0.0,TEST66
0.0,TEST66
0.0,TEST66
0.0,TEST66
0.0,TEST66
0.0,TEST66
0.0,TEST66
0.0,TEST66
0.0,TEST66
0.0,TEST66
0.0,TEST66
0.0,TEST66
0.0,TEST66
0.0,TEST66
0.0,TEST66
1.0,TEST67
1.0,TEST67
1.0,TEST67
1.0,TEST67
1.0,TEST67
1.0,TEST67
1.0,TEST67
1.0,TEST67
1.0,TEST67
1.0,TEST67
1.0,TEST67
1.0,TEST67
1.0,TEST67
1.0,TEST67
1.0,TEST67
1.0,TEST67
1.0,TEST67
1.0,TEST67
2.0,TEST67
2.0,TEST67
2.0,TEST67
2.0,TEST67
2.0,TEST67
2.0,TEST67
2.0,TEST67
2.0,TEST67
2.0,TEST67
2.0,TEST67
2.0,TEST67
2.0,TEST67
2.0,TEST67
2.0,TEST67
2.0,TEST67
2.0,TEST67
3.0,TEST67
3.0,TEST67
3.0,TEST67
3.0,TEST67
2.0,TEST68
2.0,TEST68
2.0,TEST68
2.0,TEST68
2.0,TEST68
2.0,TEST68
2.0,TEST68
2.0,TEST68
2.0,TEST68
2.0,TEST68
2.0,TEST68
2.0,TEST68
2.0,TEST68
2.0,TEST68
2.0,TEST68
2.0,TEST68
2.0,TEST68
2.0,TEST68
2.0,TEST68
2.0,TEST68
2.0,TEST68
2.0,TEST68
2.0,TEST68
2.0,TEST68
2.0,TEST68
2.0,TEST68
2.0,TEST68
2.0,TEST68
2.0,TEST68
2.0,TEST68
2.0,TEST68
3.0,TEST68
3.0,TEST68
3.0,TEST68
3.0,TEST68
1.0,TEST69
1.0,TEST69
1.0,TEST69
1.0,TEST69
1.0,TEST69
1.0,TEST69
1.0,TEST69
1.0,TEST69
1.0,TEST69
1.0,TEST69
1.0,TEST69
1.0,TEST69
1.0,TEST69
1.0,TEST69
1.0,TEST69
1.0,TEST69
1.0,TEST69
1.0,TEST69
1.0,TEST69
1.0,TEST69
1.0,TEST69
1.0,TEST69
1.0,TEST69
1.0,TEST69
1.0,TEST69
1.0,TEST69
1.0,TEST69
1.0,TEST69
1.0,TEST69
1.0,TEST69
1.0,TEST69
1.0,TEST69
1.0,TEST69
2.0,TEST69
2.0,TEST69
0.0,TEST7
0.0,TEST7
0.0,TEST7
0.0,TEST7
0.0,TEST7
0.0,TEST7
0.0,TEST7
0.0,TEST7
0.0,TEST7
0.0,TEST7
0.0,TEST7
0.0,TEST7
0.0,TEST7
0.0,TEST7
0.0,TEST7
0.0,TEST7
0.0,TEST7
0.0,TEST7
0.0,TEST7
0.0,TEST7
0.0,TEST7
0.0,TEST7
0.0,TEST7
0.0,TEST7
0.0,TEST7
0.0,TEST7
0.0,TEST7
0.0,TEST7
0.0,TEST7
0.0,TEST7
0.0,TEST7
0.0,TEST7
0.0,TEST7
0.0,TEST7
0.0,TEST7
0.0,TEST70
0.0,TEST70
0.0,TEST70
0.0,TEST70
0.0,TEST70
0.0,TEST70
0.0,TEST70
0.0,TEST70
0.0,TEST70
0.0,TEST70
0.0,TEST70
0.0,TEST70
0.0,TEST70
0.0,TEST70
0.0,TEST70
0.0,TEST70
0.0,TEST70
0.0,TEST70
0.0,TEST70
0.0,TEST70
0.0,TEST70
0.0,TEST70
0.0,TEST70
0.0,TEST70
0.0,TEST70
0.0,TEST70
0.0,TEST70
0.0,TEST70
0.0,TEST70
0.0,TEST70
0.0,TEST70
0.0,TEST70
0.0,TEST70
0.0,TEST70
0.0,TEST70
1.0,TEST71
1.0,TEST71
1.0,TEST71
1.0,TEST71
1.0,TEST71
1.0,TEST71
1.0,TEST71
1.0,TEST71
1.0,TEST71
1.0,TEST71
1.0,TEST71
1.0,TEST71
1.0,TEST71
1.0,TEST71
2.0,TEST71
2.0,TEST71
2.0,TEST71
2.0,TEST71
2.0,TEST71
2.0,TEST71
2.0,TEST71
2.0,TEST71
2.0,TEST71
2.0,TEST71
2.0,TEST71
2.0,TEST71
2.0,TEST71
2.0,TEST71
2.0,TEST71
2.0,TEST71
2.0,TEST71
2.0,TEST71
2.0,TEST71
2.0,TEST71
2.0,TEST71
2.0,TEST71
2.0,TEST71
3.0,TEST71
3.0,TEST71
0.0,TEST72
0.0,TEST72
0.0,TEST72
0.0,TEST72
0.0,TEST72
0.0,TEST72
0.0,TEST72
0.0,TEST72
0.0,TEST72
0.0,TEST72
0.0,TEST72
0.0,TEST72
0.0,TEST72
0.0,TEST72
0.0,TEST72
0.0,TEST72
0.0,TEST72
0.0,TEST72
0.0,TEST72
0.0,TEST72
0.0,TEST72
0.0,TEST72
0.0,TEST72
0.0,TEST72
0.0,TEST72
0.0,TEST72
0.0,TEST72
0.0,TEST72
0.0,TEST72
0.0,TEST72
0.0,TEST72
0.0,TEST72
0.0,TEST72
0.0,TEST72
0.0,TEST72
0.0,TEST73
0.0,TEST73
0.0,TEST73
0.0,TEST73
0.0,TEST73
0.0,TEST73
0.0,TEST73
0.0,TEST73
0.0,TEST73
0.0,TEST73
0.0,TEST73
0.0,TEST73
0.0,TEST73
0.0,TEST73
0.0,TEST73
0.0,TEST73
0.0,TEST73
0.0,TEST73
0.0,TEST73
0.0,TEST73
0.0,TEST73
0.0,TEST73
0.0,TEST73
0.0,TEST73
0.0,TEST73
0.0,TEST73
0.0,TEST73
0.0,TEST73
0.0,TEST73
0.0,TEST73
0.0,TEST73
0.0,TEST73
0.0,TEST73
0.0,TEST73
0.0,TEST73
0.0,TEST74
0.0,TEST74
0.0,TEST74
0.0,TEST74
0.0,TEST74
0.0,TEST74
0.0,TEST74
0.0,TEST74
0.0,TEST74
0.0,TEST74
0.0,TEST74
0.0,TEST74
0.0,TEST74
0.0,TEST74
0.0,TEST74
0.0,TEST74
0.0,TEST74
0.0,TEST74
0.0,TEST74
0.0,TEST74
0.0,TEST74
0.0,TEST74
0.0,TEST74
0.0,TEST74
0.0,TEST74
0.0,TEST74
0.0,TEST74
0.0,TEST74
0.0,TEST74
0.0,TEST74
0.0,TEST74
0.0,TEST74
0.0,TEST74
0.0,TEST74
0.0,TEST74
1.0,TEST75
1.0,TEST75
1.0,TEST75
2.0,TEST75
2.0,TEST75
2.0,TEST75
2.0,TEST75
2.0,TEST75
2.0,TEST75
2.0,TEST75
2.0,TEST75
2.0,TEST75
2.0,TEST75
2.0,TEST75
2.0,TEST75
2.0,TEST75
2.0,TEST75
2.0,TEST75
2.0,TEST75
2.0,TEST75
2.0,TEST75
2.0,TEST75
2.0,TEST75
2.0,TEST75
2.0,TEST75
2.0,TEST75
2.0,TEST75
2.0,TEST75
2.0,TEST75
3.0,TEST75
3.0,TEST75
3.0,TEST75
3.0,TEST75
3.0,TEST75
3.0,TEST75
0.0,TEST76
0.0,TEST76
0.0,TEST76
0.0,TEST76
0.0,TEST76
0.0,TEST76
0.0,TEST76
0.0,TEST76
0.0,TEST76
0.0,TEST76
0.0,TEST76
0.0,TEST76
0.0,TEST76
0.0,TEST76
0.0,TEST76
0.0,TEST76
0.0,TEST76
0.0,TEST76
0.0,TEST76
0.0,TEST76
0.0,TEST76
0.0,TEST76
0.0,TEST76
0.0,TEST76
0.0,TEST76
0.0,TEST76
0.0,TEST76
0.0,TEST76
0.0,TEST76
0.0,TEST76
0.0,TEST76
0.0,TEST76
0.0,TEST76
0.0,TEST76
0.0,TEST76
0.0,TEST77
0.0,TEST77
0.0,TEST77
0.0,TEST77
0.0,TEST77
0.0,TEST77
0.0,TEST77
0.0,TEST77
0.0,TEST77
0.0,TEST77
0.0,TEST77
0.0,TEST77
0.0,TEST77
0.0,TEST77
0.0,TEST77
0.0,TEST77
0.0,TEST77
0.0,TEST77
0.0,TEST77
0.0,TEST77
0.0,TEST77
0.0,TEST77
0.0,TEST77
0.0,TEST77
0.0,TEST77
0.0,TEST77
0.0,TEST77
0.0,TEST77
0.0,TEST77
0.0,TEST77
0.0,TEST77
0.0,TEST77
0.0,TEST77
0.0,TEST77
0.0,TEST77
0.0,TEST78
0.0,TEST78
0.0,TEST78
0.0,TEST78
0.0,TEST78
0.0,TEST78
0.0,TEST78
0.0,TEST78
0.0,TEST78
0.0,TEST78
0.0,TEST78
0.0,TEST78
0.0,TEST78
0.0,TEST78
0.0,TEST78
0.0,TEST78
0.0,TEST78
0.0,TEST78
0.0,TEST78
0.0,TEST78
0.0,TEST78
0.0,TEST78
0.0,TEST78
0.0,TEST78
0.0,TEST78
0.0,TEST78
0.0,TEST78
0.0,TEST78
0.0,TEST78
0.0,TEST78
0.0,TEST78
0.0,TEST78
0.0,TEST78
0.0,TEST78
0.0,TEST78
1.0,TEST79
1.0,TEST79
1.0,TEST79
1.0,TEST79
1.0,TEST79
1.0,TEST79
1.0,TEST79
1.0,TEST79
2.0,TEST79
2.0,TEST79
2.0,TEST79
2.0,TEST79
2.0,TEST79
2.0,TEST79
2.0,TEST79
2.0,TEST79
2.0,TEST79
2.0,TEST79
2.0,TEST79
2.0,TEST79
2.0,TEST79
2.0,TEST79
2.0,TEST79
2.0,TEST79
2.0,TEST79
2.0,TEST79
2.0,TEST79
2.0,TEST79
2.0,TEST79
2.0,TEST79
2.0,TEST79
2.0,TEST79
3.0,TEST79
3.0,TEST79
3.0,TEST79
2.0,TEST8
2.0,TEST8
2.0,TEST8
2.0,TEST8
2.0,TEST8
2.0,TEST8
2.0,TEST8
2.0,TEST8
2.0,TEST8
2.0,TEST8
2.0,TEST8
2.0,TEST8
2.0,TEST8
2.0,TEST8
2.0,TEST8
2.0,TEST8
2.0,TEST8
2.0,TEST8
2.0,TEST8
2.0,TEST8
2.0,TEST8
2.0,TEST8
2.0,TEST8
2.0,TEST8
2.0,TEST8
2.0,TEST8
2.0,TEST8
2.0,TEST8
2.0,TEST8
2.0,TEST8
2.0,TEST8
2.0,TEST8
2.0,TEST8
2.0,TEST8
3.0,TEST8
0.0,TEST80
0.0,TEST80
0.0,TEST80
0.0,TEST80
0.0,TEST80
0.0,TEST80
0.0,TEST80
0.0,TEST80
0.0,TEST80
0.0,TEST80
0.0,TEST80
0.0,TEST80
0.0,TEST80
0.0,TEST80
0.0,TEST80
0.0,TEST80
0.0,TEST80
0.0,TEST80
0.0,TEST80
0.0,TEST80
0.0,TEST80
0.0,TEST80
0.0,TEST80
0.0,TEST80
0.0,TEST80
0.0,TEST80
0.0,TEST80
0.0,TEST80
0.0,TEST80
0.0,TEST80
0.0,TEST80
0.0,TEST80
0.0,TEST80
0.0,TEST80
0.0,TEST80
0.0,TEST81
0.0,TEST81
0.0,TEST81
0.0,TEST81
0.0,TEST81
0.0,TEST81
0.0,TEST81
0.0,TEST81
0.0,TEST81
0.0,TEST81
0.0,TEST81
0.0,TEST81
0.0,TEST81
0.0,TEST81
0.0,TEST81
0.0,TEST81
0.0,TEST81
0.0,TEST81
0.0,TEST81
0.0,TEST81
0.0,TEST81
0.0,TEST81
0.0,TEST81
0.0,TEST81
0.0,TEST81
0.0,TEST81
0.0,TEST81
0.0,TEST81
0.0,TEST81
0.0,TEST81
0.0,TEST81
0.0,TEST81
0.0,TEST81
0.0,TEST81
0.0,TEST81
0.0,TEST82
0.0,TEST82
0.0,TEST82
0.0,TEST82
0.0,TEST82
0.0,TEST82
0.0,TEST82
0.0,TEST82
0.0,TEST82
0.0,TEST82
0.0,TEST82
0.0,TEST82
0.0,TEST82
0.0,TEST82
0.0,TEST82
0.0,TEST82
0.0,TEST82
0.0,TEST82
0.0,TEST82
0.0,TEST82
0.0,TEST82
0.0,TEST82
0.0,TEST82
0.0,TEST82
0.0,TEST82
0.0,TEST82
0.0,TEST82
0.0,TEST82
0.0,TEST82
0.0,TEST82
0.0,TEST82
0.0,TEST82
0.0,TEST82
0.0,TEST82
0.0,TEST82
1.0,TEST83
1.0,TEST83
1.0,TEST83
1.0,TEST83
2.0,TEST83
2.0,TEST83
2.0,TEST83
2.0,TEST83
2.0,TEST83
2.0,TEST83
2.0,TEST83
2.0,TEST83
2.0,TEST83
2.0,TEST83
2.0,TEST83
2.0,TEST83
2.0,TEST83
2.0,TEST83
2.0,TEST83
2.0,TEST83
2.0,TEST83
2.0,TEST83
2.0,TEST83
2.0,TEST83
2.0,TEST83
2.0,TEST83
2.0,TEST83
2.0,TEST83
2.0,TEST83
2.0,TEST83
2.0,TEST83
2.0,TEST83
3.0,TEST83
3.0,TEST83
3.0,TEST83
3.0,TEST83
3.0,TEST83
3.0,TEST83
0.0,TEST84
0.0,TEST84
0.0,TEST84
0.0,TEST84
0.0,TEST84
0.0,TEST84
0.0,TEST84
0.0,TEST84
0.0,TEST84
0.0,TEST84
0.0,TEST84
0.0,TEST84
0.0,TEST84
0.0,TEST84
0.0,TEST84
0.0,TEST84
0.0,TEST84
0.0,TEST84
0.0,TEST84
0.0,TEST84
0.0,TEST84
0.0,TEST84
0.0,TEST84
0.0,TEST84
0.0,TEST84
0.0,TEST84
0.0,TEST84
0.0,TEST84
0.0,TEST84
0.0,TEST84
0.0,TEST84
0.0,TEST84
0.0,TEST84
0.0,TEST84
0.0,TEST84
0.0,TEST85
0.0,TEST85
0.0,TEST85
0.0,TEST85
0.0,TEST85
0.0,TEST85
0.0,TEST85
0.0,TEST85
0.0,TEST85
0.0,TEST85
0.0,TEST85
0.0,TEST85
0.0,TEST85
0.0,TEST85
0.0,TEST85
0.0,TEST85
0.0,TEST85
0.0,TEST85
0.0,TEST85
0.0,TEST85
0.0,TEST85
0.0,TEST85
0.0,TEST85
0.0,TEST85
0.0,TEST85
0.0,TEST85
0.0,TEST85
0.0,TEST85
0.0,TEST85
0.0,TEST85
0.0,TEST85
0.0,TEST85
0.0,TEST85
0.0,TEST85
0.0,TEST85
0.0,TEST86
0.0,TEST86
0.0,TEST86
0.0,TEST86
0.0,TEST86
0.0,TEST86
0.0,TEST86
0.0,TEST86
0.0,TEST86
0.0,TEST86
0.0,TEST86
0.0,TEST86
0.0,TEST86
0.0,TEST86
0.0,TEST86
0.0,TEST86
0.0,TEST86
0.0,TEST86
0.0,TEST86
0.0,TEST86
0.0,TEST86
0.0,TEST86
0.0,TEST86
0.0,TEST86
0.0,TEST86
0.0,TEST86
0.0,TEST86
0.0,TEST86
0.0,TEST86
0.0,TEST86
0.0,TEST86
0.0,TEST86
0.0,TEST86
0.0,TEST86
0.0,TEST86
0.0,TEST87
0.0,TEST87
0.0,TEST87
0.0,TEST87
0.0,TEST87
0.0,TEST87
0.0,TEST87
0.0,TEST87
0.0,TEST87
0.0,TEST87
0.0,TEST87
0.0,TEST87
0.0,TEST87
0.0,TEST87
0.0,TEST87
0.0,TEST87
0.0,TEST87
0.0,TEST87
0.0,TEST87
0.0,TEST87
0.0,TEST87
0.0,TEST87
0.0,TEST87
0.0,TEST87
0.0,TEST87
0.0,TEST87
0.0,TEST87
0.0,TEST87
0.0,TEST87
0.0,TEST87
0.0,TEST87
0.0,TEST87
0.0,TEST87
0.0,TEST87
0.0,TEST87
0.0,TEST88
0.0,TEST88
0.0,TEST88
0.0,TEST88
0.0,TEST88
0.0,TEST88
0.0,TEST88
0.0,TEST88
0.0,TEST88
0.0,TEST88
0.0,TEST88
0.0,TEST88
0.0,TEST88
0.0,TEST88
0.0,TEST88
0.0,TEST88
0.0,TEST88
0.0,TEST88
0.0,TEST88
0.0,TEST88
0.0,TEST88
0.0,TEST88
0.0,TEST88
0.0,TEST88
0.0,TEST88
0.0,TEST88
0.0,TEST88
0.0,TEST88
0.0,TEST88
0.0,TEST88
0.0,TEST88
0.0,TEST88
0.0,TEST88
0.0,TEST88
0.0,TEST88
0.0,TEST88
0.0,TEST88
0.0,TEST88
0.0,TEST89
0.0,TEST89
0.0,TEST89
0.0,TEST89
0.0,TEST89
0.0,TEST89
0.0,TEST89
0.0,TEST89
0.0,TEST89
0.0,TEST89
0.0,TEST89
0.0,TEST89
0.0,TEST89
0.0,TEST89
0.0,TEST89
0.0,TEST89
0.0,TEST89
0.0,TEST89
0.0,TEST89
0.0,TEST89
0.0,TEST89
0.0,TEST89
0.0,TEST89
0.0,TEST89
0.0,TEST89
0.0,TEST89
0.0,TEST89
0.0,TEST89
0.0,TEST89
0.0,TEST89
0.0,TEST89
0.0,TEST89
0.0,TEST89
0.0,TEST89
0.0,TEST89
0.0,TEST9
0.0,TEST9
0.0,TEST9
0.0,TEST9
0.0,TEST9
0.0,TEST9
0.0,TEST9
0.0,TEST9
0.0,TEST9
0.0,TEST9
0.0,TEST9
0.0,TEST9
0.0,TEST9
0.0,TEST9
0.0,TEST9
0.0,TEST9
0.0,TEST9
0.0,TEST9
0.0,TEST9
0.0,TEST9
0.0,TEST9
0.0,TEST9
0.0,TEST9
0.0,TEST9
0.0,TEST9
0.0,TEST9
0.0,TEST9
0.0,TEST9
0.0,TEST9
0.0,TEST9
0.0,TEST9
0.0,TEST9
0.0,TEST9
0.0,TEST9
0.0,TEST9
0.0,TEST90
0.0,TEST90
0.0,TEST90
0.0,TEST90
0.0,TEST90
0.0,TEST90
0.0,TEST90
0.0,TEST90
0.0,TEST90
0.0,TEST90
0.0,TEST90
0.0,TEST90
0.0,TEST90
0.0,TEST90
0.0,TEST90
0.0,TEST90
0.0,TEST90
0.0,TEST90
0.0,TEST90
0.0,TEST90
0.0,TEST90
0.0,TEST90
0.0,TEST90
0.0,TEST90
0.0,TEST90
0.0,TEST90
0.0,TEST90
0.0,TEST90
0.0,TEST90
0.0,TEST90
0.0,TEST90
0.0,TEST90
0.0,TEST90
0.0,TEST90
0.0,TEST90
0.0,TEST91
0.0,TEST91
0.0,TEST91
0.0,TEST91
0.0,TEST91
0.0,TEST91
0.0,TEST91
0.0,TEST91
0.0,TEST91
0.0,TEST91
0.0,TEST91
0.0,TEST91
0.0,TEST91
0.0,TEST91
0.0,TEST91
0.0,TEST91
0.0,TEST91
0.0,TEST91
0.0,TEST91
0.0,TEST91
0.0,TEST91
0.0,TEST91
0.0,TEST91
0.0,TEST91
0.0,TEST91
0.0,TEST91
0.0,TEST91
0.0,TEST91
0.0,TEST91
0.0,TEST91
0.0,TEST91
0.0,TEST91
0.0,TEST91
0.0,TEST91
0.0,TEST91
0.0,TEST92
0.0,TEST92
0.0,TEST92
0.0,TEST92
0.0,TEST92
0.0,TEST92
0.0,TEST92
0.0,TEST92
0.0,TEST92
0.0,TEST92
0.0,TEST92
0.0,TEST92
0.0,TEST92
0.0,TEST92
0.0,TEST92
0.0,TEST92
0.0,TEST92
0.0,TEST92
0.0,TEST92
0.0,TEST92
0.0,TEST92
0.0,TEST92
0.0,TEST92
0.0,TEST92
0.0,TEST92
0.0,TEST92
0.0,TEST92
0.0,TEST92
0.0,TEST92
0.0,TEST92
0.0,TEST92
0.0,TEST92
0.0,TEST92
0.0,TEST92
0.0,TEST92
0.0,TEST93
0.0,TEST93
0.0,TEST93
0.0,TEST93
0.0,TEST93
0.0,TEST93
0.0,TEST93
0.0,TEST93
0.0,TEST93
0.0,TEST93
0.0,TEST93
0.0,TEST93
0.0,TEST93
0.0,TEST93
0.0,TEST93
0.0,TEST93
0.0,TEST93
0.0,TEST93
0.0,TEST93
0.0,TEST93
0.0,TEST93
0.0,TEST93
0.0,TEST93
0.0,TEST93
0.0,TEST93
0.0,TEST93
0.0,TEST93
0.0,TEST93
0.0,TEST93
0.0,TEST93
0.0,TEST93
0.0,TEST93
0.0,TEST93
0.0,TEST93
0.0,TEST93
0.0,TEST94
0.0,TEST94
0.0,TEST94
0.0,TEST94
0.0,TEST94
0.0,TEST94
0.0,TEST94
0.0,TEST94
0.0,TEST94
0.0,TEST94
0.0,TEST94
0.0,TEST94
0.0,TEST94
0.0,TEST94
0.0,TEST94
0.0,TEST94
0.0,TEST94
0.0,TEST94
0.0,TEST94
0.0,TEST94
0.0,TEST94
0.0,TEST94
0.0,TEST94
0.0,TEST94
0.0,TEST94
0.0,TEST94
0.0,TEST94
0.0,TEST94
0.0,TEST94
0.0,TEST94
0.0,TEST94
0.0,TEST94
0.0,TEST94
0.0,TEST94
0.0,TEST94
0.0,TEST95
0.0,TEST95
0.0,TEST95
0.0,TEST95
0.0,TEST95
0.0,TEST95
0.0,TEST95
0.0,TEST95
0.0,TEST95
0.0,TEST95
0.0,TEST95
0.0,TEST95
0.0,TEST95
0.0,TEST95
0.0,TEST95
0.0,TEST95
0.0,TEST95
0.0,TEST95
0.0,TEST95
0.0,TEST95
0.0,TEST95
0.0,TEST95
0.0,TEST95
0.0,TEST95
0.0,TEST95
0.0,TEST95
0.0,TEST95
0.0,TEST95
0.0,TEST95
0.0,TEST95
0.0,TEST95
0.0,TEST95
0.0,TEST95
0.0,TEST95
0.0,TEST95
0.0,TEST96
0.0,TEST96
0.0,TEST96
0.0,TEST96
0.0,TEST96
0.0,TEST96
0.0,TEST96
0.0,TEST96
0.0,TEST96
0.0,TEST96
0.0,TEST96
0.0,TEST96
0.0,TEST96
0.0,TEST96
0.0,TEST96
0.0,TEST96
0.0,TEST96
0.0,TEST96
0.0,TEST96
0.0,TEST96
0.0,TEST96
0.0,TEST96
0.0,TEST96
0.0,TEST96
0.0,TEST96
0.0,TEST96
0.0,TEST96
0.0,TEST96
0.0,TEST96
0.0,TEST96
0.0,TEST96
0.0,TEST96
0.0,TEST96
0.0,TEST96
0.0,TEST96
0.0,TEST97
0.0,TEST97
0.0,TEST97
0.0,TEST97
0.0,TEST97
0.0,TEST97
0.0,TEST97
0.0,TEST97
0.0,TEST97
0.0,TEST97
0.0,TEST97
0.0,TEST97
0.0,TEST97
0.0,TEST97
0.0,TEST97
0.0,TEST97
0.0,TEST97
0.0,TEST97
0.0,TEST97
0.0,TEST97
0.0,TEST97
0.0,TEST97
0.0,TEST97
0.0,TEST97
0.0,TEST97
0.0,TEST97
0.0,TEST97
0.0,TEST97
0.0,TEST97
0.0,TEST97
0.0,TEST97
0.0,TEST97
0.0,TEST97
0.0,TEST97
0.0,TEST97
0.0,TEST98
0.0,TEST98
0.0,TEST98
0.0,TEST98
0.0,TEST98
0.0,TEST98
0.0,TEST98
0.0,TEST98
0.0,TEST98
0.0,TEST98
0.0,TEST98
0.0,TEST98
0.0,TEST98
0.0,TEST98
0.0,TEST98
0.0,TEST98
0.0,TEST98
0.0,TEST98
0.0,TEST98
0.0,TEST98
0.0,TEST98
0.0,TEST98
0.0,TEST98
0.0,TEST98
0.0,TEST98
0.0,TEST98
0.0,TEST98
0.0,TEST98
0.0,TEST98
0.0,TEST98
0.0,TEST98
0.0,TEST98
0.0,TEST98
0.0,TEST98
0.0,TEST98
0.0,TEST99
0.0,TEST99
0.0,TEST99
0.0,TEST99
0.0,TEST99
0.0,TEST99
0.0,TEST99
0.0,TEST99
0.0,TEST99
0.0,TEST99
0.0,TEST99
0.0,TEST99
0.0,TEST99
0.0,TEST99
0.0,TEST99
0.0,TEST99
0.0,TEST99
0.0,TEST99
0.0,TEST99
0.0,TEST99
0.0,TEST99
0.0,TEST99
0.0,TEST99
0.0,TEST99
0.0,TEST99
0.0,TEST99
0.0,TEST99
0.0,TEST99
0.0,TEST99
0.0,TEST99
0.0,TEST99
0.0,TEST99
0.0,TEST99
0.0,TEST99
0.0,TEST99
